"","geocode","reference_month","forecast_months_ahead","temp_med","umid_med","precip_tot"
"1",3550308,2010-01-01,1,23.7653139214928,82.769224089148,0.0001027
"2",3550308,2010-01-01,2,23.0878224828481,83.3414637700655,8.82e-05
"3",3550308,2010-01-01,3,22.1711956069836,83.5422779200137,6.58e-05
"4",3550308,2010-01-01,4,20.7439386283334,80.9864714922216,3.83e-05
"5",3550308,2010-01-01,5,19.5114194736454,79.2087145378702,2.91e-05
"6",3550308,2010-01-01,6,17.7610795192917,78.3529260159165,2.84e-05
"7",3550308,2010-02-01,1,24.7035102716199,81.1964951115366,7.27e-05
"8",3550308,2010-02-01,2,22.3640143833281,82.4639126628716,5.58e-05
"9",3550308,2010-02-01,3,21.1955400858362,81.1025552682923,3.69e-05
"10",3550308,2010-02-01,4,19.5108490129746,79.4426684415311,3.44e-05
"11",3550308,2010-02-01,5,17.2895023306549,78.5404469235215,2.99e-05
"12",3550308,2010-02-01,6,16.9746495331445,77.2683913252006,2.32e-05
"13",3550308,2010-03-01,1,21.6842980922238,82.6642765682217,5.39e-05
"14",3550308,2010-03-01,2,20.9816634181665,81.4401996736744,3.73e-05
"15",3550308,2010-03-01,3,18.9566482826378,80.3573270619466,3.7e-05
"16",3550308,2010-03-01,4,17.3594715961372,79.1620500172026,2.77e-05
"17",3550308,2010-03-01,5,17.0033027139418,78.9177278293287,2.77e-05
"18",3550308,2010-03-01,6,18.093575150667,75.2690591158177,2.33e-05
"19",3550308,2010-04-01,1,20.6821280269374,82.2026489912634,5.35e-05
"20",3550308,2010-04-01,2,19.3659479177535,80.6889063729524,3.33e-05
"21",3550308,2010-04-01,3,17.3474155787878,80.2827340535878,3.62e-05
"22",3550308,2010-04-01,4,16.801543234486,79.1676237288889,2.53e-05
"23",3550308,2010-04-01,5,18.0047649377899,75.8410464877488,2.2e-05
"24",3550308,2010-04-01,6,19.3193999663386,75.6607678641182,3.92e-05
"25",3550308,2010-05-01,1,18.7553411904957,79.1415052870693,3.05e-05
"26",3550308,2010-05-01,2,17.3442419967515,78.6906559579694,2.2e-05
"27",3550308,2010-05-01,3,17.0692874292008,76.6017336794991,2.03e-05
"28",3550308,2010-05-01,4,18.0385467081055,73.7419373492914,1.76e-05
"29",3550308,2010-05-01,5,19.3858022026077,73.7791482841421,4.07e-05
"30",3550308,2010-05-01,6,19.9444057810231,80.2035198133576,6.43e-05
"31",3550308,2010-06-01,1,17.1789044915819,79.5522957388346,2.48e-05
"32",3550308,2010-06-01,2,16.9825316491685,77.1973223703463,2.11e-05
"33",3550308,2010-06-01,3,18.0480909384124,74.1939074507115,2.32e-05
"34",3550308,2010-06-01,4,19.2172569455897,76.2310575735758,4.66e-05
"35",3550308,2010-06-01,5,19.5240438516185,80.3508144318834,6.35e-05
"36",3550308,2010-06-01,6,20.1653306501366,81.3972563044886,6.06e-05
"37",3550308,2010-07-01,1,17.4871605994842,75.5899553825411,1.11e-05
"38",3550308,2010-07-01,2,18.1293231003821,72.9372719442282,2.06e-05
"39",3550308,2010-07-01,3,18.9678028281734,75.492293660501,4.44e-05
"40",3550308,2010-07-01,4,19.2274881792127,80.2028318965733,6.26e-05
"41",3550308,2010-07-01,5,20.121177178679,81.3915265071791,6.44e-05
"42",3550308,2010-07-01,6,21.3524351859443,82.1754229072965,8e-05
"43",3550308,2010-08-01,1,17.0971708028999,77.9694584891464,2.73e-05
"44",3550308,2010-08-01,2,18.5665552341695,77.6247825148618,4.89e-05
"45",3550308,2010-08-01,3,19.1945711003953,81.4442699949188,6.27e-05
"46",3550308,2010-08-01,4,20.1721493502468,81.5460383896851,6.67e-05
"47",3550308,2010-08-01,5,21.2006131811168,82.4001793673628,7.42e-05
"48",3550308,2010-08-01,6,22.3047218434601,83.6273979467584,9.79e-05
"49",3550308,2010-09-01,1,19.6349129954258,71.7701717298496,2.85e-05
"50",3550308,2010-09-01,2,19.4140824381811,79.4489619005808,6.16e-05
"51",3550308,2010-09-01,3,19.7189920161143,81.1354403374861,6.39e-05
"52",3550308,2010-09-01,4,20.9873203623371,82.1964031039636,7.76e-05
"53",3550308,2010-09-01,5,22.0408918841038,83.8254059054158,9.68e-05
"54",3550308,2010-09-01,6,22.3831998018866,84.1702781946031,9.41e-05
"55",3550308,2010-10-01,1,18.8461516948803,83.0632253880036,6.38e-05
"56",3550308,2010-10-01,2,19.4986580027684,80.1632102131518,5.57e-05
"57",3550308,2010-10-01,3,21.3629631404622,82.7439885634738,7.66e-05
"58",3550308,2010-10-01,4,22.4355960270107,83.872187489909,9.94e-05
"59",3550308,2010-10-01,5,22.5551309973148,84.8471052552646,0.0001022
"60",3550308,2010-10-01,6,21.5651585478616,83.40782533695,6.91e-05
"61",3550308,2010-11-01,1,20.0681573674317,79.948689516958,6.25e-05
"62",3550308,2010-11-01,2,21.6934110326792,82.3349822314038,8.37e-05
"63",3550308,2010-11-01,3,22.4902136828485,84.2235955926255,0.0001055
"64",3550308,2010-11-01,4,22.6702345710005,84.3267995068695,9.04e-05
"65",3550308,2010-11-01,5,21.9695968064583,83.653119954175,6.68e-05
"66",3550308,2010-11-01,6,20.2424806678292,81.5881034763915,4.07e-05
"67",3550308,2010-12-01,1,22.2838486760465,84.0459309468702,9.42e-05
"68",3550308,2010-12-01,2,23.0240144279295,83.2839640285681,9.1e-05
"69",3550308,2010-12-01,3,22.8876980097668,84.1637820561716,9.4e-05
"70",3550308,2010-12-01,4,21.8262574216766,84.1631892162176,6.89e-05
"71",3550308,2010-12-01,5,19.760563974125,81.7093403813088,3.96e-05
"72",3550308,2010-12-01,6,18.3300570175005,78.8265484847333,2.14e-05
"73",3550308,2011-01-01,1,23.0556993232125,83.9299043290309,0.0001015
"74",3550308,2011-01-01,2,22.6976103213133,84.5205107058506,8.57e-05
"75",3550308,2011-01-01,3,21.7359894631825,84.7029716994997,7.82e-05
"76",3550308,2011-01-01,4,20.1936992592626,82.4242931129252,4.04e-05
"77",3550308,2011-01-01,5,18.1898492035161,79.1098438960642,1.91e-05
"78",3550308,2011-01-01,6,17.1334520023498,76.5594681008399,1.68e-05
"79",3550308,2011-02-01,1,23.7007259502458,82.9512921227258,8.34e-05
"80",3550308,2011-02-01,2,22.0022114877542,84.1135878336669,7.36e-05
"81",3550308,2011-02-01,3,20.0817740196103,80.8735889092769,3.13e-05
"82",3550308,2011-02-01,4,18.6465746533736,78.3514389282713,1.86e-05
"83",3550308,2011-02-01,5,16.7634549449762,78.061257118203,2.35e-05
"84",3550308,2011-02-01,6,16.8285866808092,76.9199888963732,2.02e-05
"85",3550308,2011-03-01,1,21.5232041777085,84.7833519726876,7.1e-05
"86",3550308,2011-03-01,2,20.1920406076542,82.0093290111096,3.67e-05
"87",3550308,2011-03-01,3,18.3645880317328,79.6688456782904,2.54e-05
"88",3550308,2011-03-01,4,16.8919844041059,79.1641634984245,2.66e-05
"89",3550308,2011-03-01,5,16.1914038446746,78.147815015306,2.23e-05
"90",3550308,2011-03-01,6,17.3019912321458,75.9134421957863,2.5e-05
"91",3550308,2011-04-01,1,20.52114444416,83.9841477523139,5.3e-05
"92",3550308,2011-04-01,2,17.8929872699921,80.1041865357897,2.61e-05
"93",3550308,2011-04-01,3,16.3326406898735,79.1280625804142,2.56e-05
"94",3550308,2011-04-01,4,16.4622460838611,78.6414363986698,2.07e-05
"95",3550308,2011-04-01,5,17.4457893434794,74.8335437277417,2.07e-05
"96",3550308,2011-04-01,6,18.6799261758966,74.9970788528718,3.54e-05
"97",3550308,2011-05-01,1,17.7626512094554,80.101131202645,2.98e-05
"98",3550308,2011-05-01,2,16.3222113249944,79.7476394177596,2.75e-05
"99",3550308,2011-05-01,3,16.3699925894052,78.8525614580204,2.58e-05
"100",3550308,2011-05-01,4,17.5609969708931,75.6813983486009,2.2e-05
"101",3550308,2011-05-01,5,18.5187243428819,76.6114238962512,4.1e-05
"102",3550308,2011-05-01,6,19.0768845411011,80.433424343433,6.18e-05
"103",3550308,2011-06-01,1,16.2797353933543,78.3881430882037,2.25e-05
"104",3550308,2011-06-01,2,16.4883577439315,78.2543544272128,2.21e-05
"105",3550308,2011-06-01,3,17.7724209379383,75.2526086141962,2.8e-05
"106",3550308,2011-06-01,4,18.5831094570497,76.4531700918904,4.24e-05
"107",3550308,2011-06-01,5,19.5955460953148,79.8462396784174,5.41e-05
"108",3550308,2011-06-01,6,20.2258682887061,81.0405560811873,6.36e-05
"109",3550308,2011-07-01,1,16.4005515867842,78.878713365445,2.41e-05
"110",3550308,2011-07-01,2,17.0293949261946,76.7954101018655,3.14e-05
"111",3550308,2011-07-01,3,18.5004594883318,76.4773821782822,3.87e-05
"112",3550308,2011-07-01,4,19.4661496539055,80.451443003033,6.58e-05
"113",3550308,2011-07-01,5,20.2043489225961,81.2029045034036,6.41e-05
"114",3550308,2011-07-01,6,21.3897194841179,82.7629364429898,7.69e-05
"115",3550308,2011-08-01,1,17.2983763699606,75.3768216351266,2.67e-05
"116",3550308,2011-08-01,2,18.3654700421491,77.1948135961201,4.57e-05
"117",3550308,2011-08-01,3,18.7709145392261,80.3045748145082,6.39e-05
"118",3550308,2011-08-01,4,20.0618664420655,81.7701534188795,6.28e-05
"119",3550308,2011-08-01,5,21.1983072033716,82.5568763737317,7.76e-05
"120",3550308,2011-08-01,6,22.119351493301,84.2424381284679,9.98e-05
"121",3550308,2011-09-01,1,18.3896990613438,75.0028487119981,3.04e-05
"122",3550308,2011-09-01,2,18.7172773227362,80.542858884961,6.51e-05
"123",3550308,2011-09-01,3,19.7768360935982,81.673552855096,6.96e-05
"124",3550308,2011-09-01,4,21.0447493909281,82.4212660261827,7.61e-05
"125",3550308,2011-09-01,5,22.2318497593463,83.9192803238905,9.51e-05
"126",3550308,2011-09-01,6,22.523889761868,83.412282993678,8.74e-05
"127",3550308,2011-10-01,1,19.0251741329738,78.154609346674,5.54e-05
"128",3550308,2011-10-01,2,19.964673329746,80.8261725023763,6.37e-05
"129",3550308,2011-10-01,3,21.177811116195,82.1695737230391,7.97e-05
"130",3550308,2011-10-01,4,22.3425920363912,83.1048474303481,9.14e-05
"131",3550308,2011-10-01,5,22.5669394234412,83.5014216358274,8.85e-05
"132",3550308,2011-10-01,6,21.3935291088181,83.1050015601092,6.65e-05
"133",3550308,2011-11-01,1,19.8948181695177,78.3132426015249,4.71e-05
"134",3550308,2011-11-01,2,21.4864244844468,82.1722958094033,7.41e-05
"135",3550308,2011-11-01,3,22.4665751544002,83.3384996759849,9.72e-05
"136",3550308,2011-11-01,4,22.6127925648392,83.104559799001,8.28e-05
"137",3550308,2011-11-01,5,21.599332098934,83.1504105822495,6.44e-05
"138",3550308,2011-11-01,6,19.9754292813882,81.4150962421346,3.65e-05
"139",3550308,2011-12-01,1,21.1126155080672,82.9227385543033,8.42e-05
"140",3550308,2011-12-01,2,22.4213803308953,83.4230178342396,0.0001008
"141",3550308,2011-12-01,3,22.6611718108279,83.229393475564,9.27e-05
"142",3550308,2011-12-01,4,21.911581881935,82.9837784558629,6.64e-05
"143",3550308,2011-12-01,5,20.1766077358412,81.0846879215325,3.64e-05
"144",3550308,2011-12-01,6,18.5974142988636,79.4799848276051,2.71e-05
"145",3550308,2012-01-01,1,22.2284981061563,82.8008350779949,9.81e-05
"146",3550308,2012-01-01,2,22.788738813643,82.7709104741601,8.43e-05
"147",3550308,2012-01-01,3,21.9595680793192,84.2512696972903,7.84e-05
"148",3550308,2012-01-01,4,20.3925703768676,81.8358670239176,4.1e-05
"149",3550308,2012-01-01,5,18.7066992109136,80.316200840151,2.76e-05
"150",3550308,2012-01-01,6,17.3393920838663,77.849786356202,2.13e-05
"151",3550308,2012-02-01,1,23.0412667383123,81.6341052737877,6.27e-05
"152",3550308,2012-02-01,2,21.6361335666955,84.0405817439242,6.8e-05
"153",3550308,2012-02-01,3,20.3971465176003,82.2694126942814,3.98e-05
"154",3550308,2012-02-01,4,18.5454063450192,80.3117834434773,2.77e-05
"155",3550308,2012-02-01,5,17.1446673552319,78.6050557260587,2.15e-05
"156",3550308,2012-02-01,6,17.1607379997071,77.2116723367912,1.9e-05
"157",3550308,2012-03-01,1,22.1808029818924,81.1931407971702,4.19e-05
"158",3550308,2012-03-01,2,20.3080937213127,82.3623275518873,4.23e-05
"159",3550308,2012-03-01,3,18.4947656225919,79.8654135728095,3.06e-05
"160",3550308,2012-03-01,4,16.9323501516731,78.6408078231714,2.4e-05
"161",3550308,2012-03-01,5,16.7302213948282,76.6723508468622,1.89e-05
"162",3550308,2012-03-01,6,17.6458426480215,75.1277408234578,2.25e-05
"163",3550308,2012-04-01,1,21.2122950430987,81.6437206064811,3.22e-05
"164",3550308,2012-04-01,2,19.2412553375137,78.4099916976947,2.78e-05
"165",3550308,2012-04-01,3,17.3539536991542,78.3488876785434,2.64e-05
"166",3550308,2012-04-01,4,17.1933693517357,76.4545748553392,1.79e-05
"167",3550308,2012-04-01,5,17.9684022889617,75.7975422689021,2.96e-05
"168",3550308,2012-04-01,6,19.0831787033532,77.658897350143,5.5e-05
"169",3550308,2012-05-01,1,17.9091027484187,80.2819971690836,2.93e-05
"170",3550308,2012-05-01,2,17.1936619894477,80.0105684935622,2.85e-05
"171",3550308,2012-05-01,3,16.6794256400703,78.8325981795924,1.89e-05
"172",3550308,2012-05-01,4,17.4953939162592,76.4304820528836,2.3e-05
"173",3550308,2012-05-01,5,19.0957798073161,75.4633639840893,4.02e-05
"174",3550308,2012-05-01,6,20.4622271761982,79.6811978081472,5.89e-05
"175",3550308,2012-06-01,1,17.421016464919,82.9062976167157,5.07e-05
"176",3550308,2012-06-01,2,16.8618176316838,79.1603016129455,1.98e-05
"177",3550308,2012-06-01,3,17.6903933775764,77.2647365483446,2.66e-05
"178",3550308,2012-06-01,4,19.1988927186818,77.7480473443661,4.93e-05
"179",3550308,2012-06-01,5,20.0978510333506,80.5223864062437,6.37e-05
"180",3550308,2012-06-01,6,21.0264532419548,82.2762580857304,7.7e-05
"181",3550308,2012-07-01,1,17.2531397418804,77.6286933361602,1.72e-05
"182",3550308,2012-07-01,2,18.0039941186596,75.4219290037526,1.78e-05
"183",3550308,2012-07-01,3,19.8682720571896,74.5873518366803,3.96e-05
"184",3550308,2012-07-01,4,20.4724578310876,80.8748800920447,6.33e-05
"185",3550308,2012-07-01,5,20.821281503927,81.4742782059809,6.67e-05
"186",3550308,2012-07-01,6,21.8890742026739,82.4455571387001,7.61e-05
"187",3550308,2012-08-01,1,18.7232795726197,75.3809067376466,1.46e-05
"188",3550308,2012-08-01,2,19.6807574767773,75.1098400590028,3.79e-05
"189",3550308,2012-08-01,3,19.9471727269495,79.9477073104743,6.1e-05
"190",3550308,2012-08-01,4,21.3044843482158,81.4634725365439,6.1e-05
"191",3550308,2012-08-01,5,22.0612555526979,83.4125238595703,9.36e-05
"192",3550308,2012-08-01,6,22.5004507202543,83.1843732472744,8.72e-05
"193",3550308,2012-09-01,1,20.3810198754798,73.3251178553495,2.49e-05
"194",3550308,2012-09-01,2,20.2459543215512,79.466907210356,5.71e-05
"195",3550308,2012-09-01,3,21.2855212068768,81.793667553788,7.52e-05
"196",3550308,2012-09-01,4,21.7380279768119,82.2095480349352,7.66e-05
"197",3550308,2012-09-01,5,22.2958232440177,82.8620575460197,8.43e-05
"198",3550308,2012-09-01,6,22.628253618996,83.8737649843865,9.16e-05
"199",3550308,2012-10-01,1,21.2921014391356,76.2346255999353,4.38e-05
"200",3550308,2012-10-01,2,21.5684333090833,81.1744507655246,6.54e-05
"201",3550308,2012-10-01,3,21.6758796997672,82.5079826507935,8.19e-05
"202",3550308,2012-10-01,4,22.3699898134951,83.9802743362932,9.69e-05
"203",3550308,2012-10-01,5,22.6497210483226,83.0352018687784,8.05e-05
"204",3550308,2012-10-01,6,21.8784006347665,82.9872848443553,5.76e-05
"205",3550308,2012-11-01,1,21.4990610104686,78.6466534972237,5.36e-05
"206",3550308,2012-11-01,2,22.284759746634,81.4273010297101,8.21e-05
"207",3550308,2012-11-01,3,22.823637122975,83.1960348265596,9.94e-05
"208",3550308,2012-11-01,4,22.7584015170994,83.4581857813129,8.64e-05
"209",3550308,2012-11-01,5,21.8721773084088,83.4642829176342,6.38e-05
"210",3550308,2012-11-01,6,20.6042858998121,81.6533479613354,3.91e-05
"211",3550308,2012-12-01,1,23.4965846828892,80.8200530300818,8.62e-05
"212",3550308,2012-12-01,2,23.1102496214313,82.7797133564079,9.9e-05
"213",3550308,2012-12-01,3,23.0282269199225,83.0236425138064,8.33e-05
"214",3550308,2012-12-01,4,22.0467089405478,82.7865111282476,6.27e-05
"215",3550308,2012-12-01,5,20.7885165508495,81.045868583767,3.77e-05
"216",3550308,2012-12-01,6,19.0091169008708,78.7893101109818,2.42e-05
"217",3550308,2013-01-01,1,23.1769990279449,83.6764457483848,0.0001113
"218",3550308,2013-01-01,2,23.2693605021288,83.6224816623703,9.81e-05
"219",3550308,2013-01-01,3,22.3623635010163,83.6541421419717,7.63e-05
"220",3550308,2013-01-01,4,20.6103697671585,81.7635241345953,3.98e-05
"221",3550308,2013-01-01,5,19.0229269658597,79.1929835191007,2.63e-05
"222",3550308,2013-01-01,6,17.8486467873657,77.957782688172,2.22e-05
"223",3550308,2013-02-01,1,22.6723701123552,84.5057609465816,0.0001051
"224",3550308,2013-02-01,2,21.6921806933764,83.0310860929535,6.5e-05
"225",3550308,2013-02-01,3,20.3279404676867,81.8696116327607,3.83e-05
"226",3550308,2013-02-01,4,18.5934722485322,79.4403281702379,2.29e-05
"227",3550308,2013-02-01,5,17.1736781216462,78.6687713185993,2.76e-05
"228",3550308,2013-02-01,6,16.7766491354345,76.5124529509806,1.62e-05
"229",3550308,2013-03-01,1,22.6993928262374,83.2866761150931,6.17e-05
"230",3550308,2013-03-01,2,20.8095614646045,81.4232533276325,4.02e-05
"231",3550308,2013-03-01,3,19.1770110570611,79.8973821565192,3.28e-05
"232",3550308,2013-03-01,4,17.1839819944666,78.9773048929189,2.73e-05
"233",3550308,2013-03-01,5,17.0992378736213,76.9927929499427,1.94e-05
"234",3550308,2013-03-01,6,17.9092352688295,75.1822503519226,2.64e-05
"235",3550308,2013-04-01,1,20.7369087137155,83.1322154887383,4.67e-05
"236",3550308,2013-04-01,2,18.5436943518966,81.2473531287412,3.45e-05
"237",3550308,2013-04-01,3,17.2219712801644,80.2325028794883,2.27e-05
"238",3550308,2013-04-01,4,17.1164073922985,77.997329581938,1.99e-05
"239",3550308,2013-04-01,5,18.1228411574936,74.6189810135212,2.02e-05
"240",3550308,2013-04-01,6,19.3511776642533,76.2575388595248,4.21e-05
"241",3550308,2013-05-01,1,18.9606033538176,77.0314277375455,2.05e-05
"242",3550308,2013-05-01,2,17.0539944991783,80.2971149196237,3.83e-05
"243",3550308,2013-05-01,3,16.8107544440119,76.8846616231984,1.67e-05
"244",3550308,2013-05-01,4,17.8001280738137,73.8111370389165,1.86e-05
"245",3550308,2013-05-01,5,19.049002238313,76.0139060487103,4.37e-05
"246",3550308,2013-05-01,6,19.7570805037357,79.9622256716872,5.91e-05
"247",3550308,2013-06-01,1,18.0450955035129,81.4872197405717,2.45e-05
"248",3550308,2013-06-01,2,17.0420156581362,77.8790960653215,1.79e-05
"249",3550308,2013-06-01,3,18.0635842319221,74.7573404115123,2.5e-05
"250",3550308,2013-06-01,4,19.3362540342694,75.653824644,3.6e-05
"251",3550308,2013-06-01,5,20.177917800398,78.9288923332989,5.47e-05
"252",3550308,2013-06-01,6,20.7617227630918,81.278687713799,6.45e-05
"253",3550308,2013-07-01,1,17.0084164445827,80.0822116379726,1.86e-05
"254",3550308,2013-07-01,2,17.7659567655455,74.9242647973073,2.25e-05
"255",3550308,2013-07-01,3,19.5700000129092,75.261563660587,3.59e-05
"256",3550308,2013-07-01,4,20.2948786253012,79.1247470811384,5.85e-05
"257",3550308,2013-07-01,5,20.8296213368203,81.3026257003154,6.41e-05
"258",3550308,2013-07-01,6,21.8697875507503,82.4895612396591,8.31e-05
"259",3550308,2013-08-01,1,17.6937923703862,76.1806758010812,2.26e-05
"260",3550308,2013-08-01,2,19.561494614555,75.6662009099619,3.46e-05
"261",3550308,2013-08-01,3,20.110063591093,78.9758359984492,5.73e-05
"262",3550308,2013-08-01,4,20.9705243999938,80.646887576642,6.12e-05
"263",3550308,2013-08-01,5,22.0256183044411,82.9283996919892,8.06e-05
"264",3550308,2013-08-01,6,22.6410916273933,82.723687189079,9.22e-05
"265",3550308,2013-09-01,1,19.7739648502046,71.0517718275492,2.93e-05
"266",3550308,2013-09-01,2,20.2826849666696,78.6712120558357,5.48e-05
"267",3550308,2013-09-01,3,21.1163639354004,81.191626711893,7.12e-05
"268",3550308,2013-09-01,4,21.9180241320433,82.2893186813746,8.63e-05
"269",3550308,2013-09-01,5,22.6722264259006,83.0950250122101,0.0001002
"270",3550308,2013-09-01,6,22.7956536180234,83.8026063782317,8.92e-05
"271",3550308,2013-10-01,1,19.0236226939752,81.2316482623891,6.18e-05
"272",3550308,2013-10-01,2,20.8899346343524,81.32942035616,6.58e-05
"273",3550308,2013-10-01,3,22.0461781137782,82.7686683723804,8.89e-05
"274",3550308,2013-10-01,4,23.0374229246748,82.7204236160128,9.03e-05
"275",3550308,2013-10-01,5,22.8450040536782,83.6724426175081,8.31e-05
"276",3550308,2013-10-01,6,21.8067826420457,83.5787635295938,6.34e-05
"277",3550308,2013-11-01,1,21.0475935119872,81.3146347344714,6.22e-05
"278",3550308,2013-11-01,2,22.2807367535277,82.8402474204585,8.63e-05
"279",3550308,2013-11-01,3,22.7060701462752,82.8304774743128,8.69e-05
"280",3550308,2013-11-01,4,23.0740555144351,83.0671624306194,8.16e-05
"281",3550308,2013-11-01,5,21.8946022018382,83.2789947888494,6.64e-05
"282",3550308,2013-11-01,6,20.6137606400764,81.0898558722182,3.09e-05
"283",3550308,2013-12-01,1,21.5370923038809,82.1463552977839,7.24e-05
"284",3550308,2013-12-01,2,22.4693203917545,83.4542149971155,9.93e-05
"285",3550308,2013-12-01,3,22.7874868293461,83.7870599826036,9.15e-05
"286",3550308,2013-12-01,4,21.643408351981,83.4673232342825,6.57e-05
"287",3550308,2013-12-01,5,20.3474098889099,81.5530805896678,3.49e-05
"288",3550308,2013-12-01,6,18.7889306512884,79.2572406349514,2.34e-05
"289",3550308,2014-01-01,1,24.3486431998846,80.1323980379806,9.33e-05
"290",3550308,2014-01-01,2,23.5206012197286,82.1657897446931,8.78e-05
"291",3550308,2014-01-01,3,22.4885869523741,83.6908828610938,6.96e-05
"292",3550308,2014-01-01,4,20.8332606464122,82.0423979514498,4.38e-05
"293",3550308,2014-01-01,5,18.7136477073548,79.8733550877378,2.98e-05
"294",3550308,2014-01-01,6,17.5843497522526,78.5258614268129,2.06e-05
"295",3550308,2014-02-01,1,25.008428361815,73.2546429082663,4.27e-05
"296",3550308,2014-02-01,2,22.432708505583,82.6806393331605,6.52e-05
"297",3550308,2014-02-01,3,21.0063192392548,81.5476232343432,4.04e-05
"298",3550308,2014-02-01,4,19.4591601597609,78.9970121593946,3.37e-05
"299",3550308,2014-02-01,5,17.8095790970425,77.6056783752647,2.76e-05
"300",3550308,2014-02-01,6,17.2694131124256,76.0131239389607,2.21e-05
"301",3550308,2014-03-01,1,22.7476713130879,83.8369628655317,8.45e-05
"302",3550308,2014-03-01,2,20.7053434334034,81.2523620230578,3.54e-05
"303",3550308,2014-03-01,3,19.2244109490389,80.3006118123803,2.98e-05
"304",3550308,2014-03-01,4,17.6362429932574,78.4973593032964,2.24e-05
"305",3550308,2014-03-01,5,17.3168459016686,76.4708523014288,1.88e-05
"306",3550308,2014-03-01,6,17.9010806797025,74.721318515091,2.73e-05
"307",3550308,2014-04-01,1,20.8594053753569,81.3965794469373,3.45e-05
"308",3550308,2014-04-01,2,19.1299366494054,79.1278858426497,2.97e-05
"309",3550308,2014-04-01,3,17.8108209144053,77.7106196669445,2.2e-05
"310",3550308,2014-04-01,4,17.2315201411861,76.3954497330482,2.17e-05
"311",3550308,2014-04-01,5,18.1367536936684,74.3292347507617,2.47e-05
"312",3550308,2014-04-01,6,19.1719804613439,75.8619139413062,4.2e-05
"313",3550308,2014-05-01,1,20.0489753959469,77.0154583274656,2.04e-05
"314",3550308,2014-05-01,2,17.3929905548553,77.5919115219699,2.7e-05
"315",3550308,2014-05-01,3,17.1339653682903,77.6833435689514,2.32e-05
"316",3550308,2014-05-01,4,18.0207132514378,74.296966398492,2.46e-05
"317",3550308,2014-05-01,5,19.0804950666375,76.7854802616164,4.58e-05
"318",3550308,2014-05-01,6,20.0022880853281,80.1399604934199,6.12e-05
"319",3550308,2014-06-01,1,17.7526863328078,78.8815917646414,2.18e-05
"320",3550308,2014-06-01,2,16.9471984313022,76.5419753108108,2.35e-05
"321",3550308,2014-06-01,3,17.814709416559,75.1453271080337,2.25e-05
"322",3550308,2014-06-01,4,18.8282596954735,77.310298466305,4.87e-05
"323",3550308,2014-06-01,5,19.7169473395547,81.1567430416228,6.53e-05
"324",3550308,2014-06-01,6,21.4622841040186,81.0170075714142,6.36e-05
"325",3550308,2014-07-01,1,18.3740523359961,69.8960988797317,1.03e-05
"326",3550308,2014-07-01,2,18.0970902021682,72.1797640851871,2.28e-05
"327",3550308,2014-07-01,3,19.4398799921821,74.682867335835,4.27e-05
"328",3550308,2014-07-01,4,20.2569952890648,78.913611152665,5.52e-05
"329",3550308,2014-07-01,5,21.3299011853467,81.9009543087798,7.23e-05
"330",3550308,2014-07-01,6,21.8490865415019,82.972890969077,8.42e-05
"331",3550308,2014-08-01,1,18.3660265982704,70.3998868102363,1.52e-05
"332",3550308,2014-08-01,2,19.5732440092892,74.2637998391373,3.54e-05
"333",3550308,2014-08-01,3,19.8392812896493,80.024473032726,6.42e-05
"334",3550308,2014-08-01,4,21.136444578636,81.4017210429536,6.98e-05
"335",3550308,2014-08-01,5,21.7506591397267,82.0620492791833,7.48e-05
"336",3550308,2014-08-01,6,22.9484243103244,82.3057970780183,8.45e-05
"337",3550308,2014-09-01,1,20.0361907575873,71.4275469529769,2.8e-05
"338",3550308,2014-09-01,2,20.1084022727803,76.3520776718063,5.27e-05
"339",3550308,2014-09-01,3,21.2455904458479,79.7529316747472,6.38e-05
"340",3550308,2014-09-01,4,22.2964647110171,82.2973517011648,8.42e-05
"341",3550308,2014-09-01,5,22.5504670449874,83.3022853635711,9.81e-05
"342",3550308,2014-09-01,6,22.5089545278429,83.8914202027378,9.51e-05
"343",3550308,2014-10-01,1,21.1392288770319,69.0610962248415,2.88e-05
"344",3550308,2014-10-01,2,21.1883230890943,79.7254923662022,6.49e-05
"345",3550308,2014-10-01,3,22.025017068027,81.9886937955905,8.25e-05
"346",3550308,2014-10-01,4,22.84147314419,83.1227529738247,9.56e-05
"347",3550308,2014-10-01,5,22.6721482469594,83.8731914904497,9.24e-05
"348",3550308,2014-10-01,6,22.0326739534384,82.5921758744087,5.69e-05
"349",3550308,2014-11-01,1,21.9401843407915,79.7145542328659,7.18e-05
"350",3550308,2014-11-01,2,22.3673860065398,81.8536787379408,8.09e-05
"351",3550308,2014-11-01,3,23.324240848282,81.9881749354611,9.36e-05
"352",3550308,2014-11-01,4,23.0150988816388,82.4642476143595,8.2e-05
"353",3550308,2014-11-01,5,22.3957289857929,83.4827823402039,6.51e-05
"354",3550308,2014-11-01,6,20.6251047351543,81.1659710580667,3.6e-05
"355",3550308,2014-12-01,1,23.0484876645785,80.4891773351547,8.64e-05
"356",3550308,2014-12-01,2,22.9075348305963,82.1791994012002,0.0001024
"357",3550308,2014-12-01,3,23.2075182124364,82.9001165288837,8.03e-05
"358",3550308,2014-12-01,4,22.5340454435004,83.5026649812863,6.68e-05
"359",3550308,2014-12-01,5,21.1364646940929,81.736358014531,4.4e-05
"360",3550308,2014-12-01,6,19.5082336296555,80.1549692386663,3.36e-05
"361",3550308,2015-01-01,1,24.1637622475142,80.1267870479259,9.24e-05
"362",3550308,2015-01-01,2,23.6839598151919,82.1798009414893,9.19e-05
"363",3550308,2015-01-01,3,22.6252749710837,82.646028680992,6.85e-05
"364",3550308,2015-01-01,4,21.234227046038,81.1592702099116,3.85e-05
"365",3550308,2015-01-01,5,19.5017354937856,78.8569940230744,2.96e-05
"366",3550308,2015-01-01,6,17.5562759924412,78.2429818534673,2.63e-05
"367",3550308,2015-02-01,1,23.6896507708168,83.0010745709021,0.0001044
"368",3550308,2015-02-01,2,22.8319190195402,82.5742495046607,7.2e-05
"369",3550308,2015-02-01,3,21.4176492634089,80.7721971548661,4.02e-05
"370",3550308,2015-02-01,4,19.6350688228804,79.0292042288113,3.14e-05
"371",3550308,2015-02-01,5,17.8339425350596,78.2648933164613,2.89e-05
"372",3550308,2015-02-01,6,17.1435526627967,76.70280398311,2.15e-05
"373",3550308,2015-03-01,1,22.6990019147559,82.3171397851221,5.37e-05
"374",3550308,2015-03-01,2,21.1542797847557,81.7506266197997,4.2e-05
"375",3550308,2015-03-01,3,19.8302177132065,79.4013620740858,3.27e-05
"376",3550308,2015-03-01,4,18.0951599373336,78.5883154613911,2.83e-05
"377",3550308,2015-03-01,5,17.5176062072259,77.3174991562927,2.15e-05
"378",3550308,2015-03-01,6,18.6247164553225,74.0293273490523,2.38e-05
"379",3550308,2015-04-01,1,20.7508285929372,81.2515836400438,3.47e-05
"380",3550308,2015-04-01,2,19.2469587052266,81.7359589090805,3.38e-05
"381",3550308,2015-04-01,3,17.6170069178395,81.2254162525253,4e-05
"382",3550308,2015-04-01,4,17.5235742631444,79.6194767959242,2.91e-05
"383",3550308,2015-04-01,5,18.2575661868871,76.5186360656539,3.42e-05
"384",3550308,2015-04-01,6,19.6610336555649,77.5743001925631,4.68e-05
"385",3550308,2015-05-01,1,19.0014947113286,82.5305669403265,4.03e-05
"386",3550308,2015-05-01,2,18.1308350462154,80.8389601398385,3.23e-05
"387",3550308,2015-05-01,3,17.4134874668541,78.9612998091598,2.73e-05
"388",3550308,2015-05-01,4,17.8038533063157,78.2155342216245,4.28e-05
"389",3550308,2015-05-01,5,19.3982618570464,78.0449969115673,5.28e-05
"390",3550308,2015-05-01,6,21.039027112028,80.1159387982579,6.6e-05
"391",3550308,2015-06-01,1,18.302996184828,80.80758789726,1.55e-05
"392",3550308,2015-06-01,2,17.4349113554046,79.5534824370033,2.82e-05
"393",3550308,2015-06-01,3,17.9526445907393,77.1206764918139,3.16e-05
"394",3550308,2015-06-01,4,19.5429231170897,78.1283695588334,4.93e-05
"395",3550308,2015-06-01,5,20.4746546536872,82.0960800386143,8.16e-05
"396",3550308,2015-06-01,6,22.0505958675367,81.3927278115202,6.49e-05
"397",3550308,2015-07-01,1,17.4385800754343,82.837387722148,5.05e-05
"398",3550308,2015-07-01,2,18.2672285794569,77.8604719366924,3.12e-05
"399",3550308,2015-07-01,3,19.1873241745357,78.4978859351193,5.1e-05
"400",3550308,2015-07-01,4,20.238686862537,81.7022909520766,7e-05
"401",3550308,2015-07-01,5,22.4985090635874,81.1878204331463,6.52e-05
"402",3550308,2015-07-01,6,22.8559441263455,82.4086147084992,8.18e-05
"403",3550308,2015-08-01,1,18.9291978110306,74.6350523327245,1.28e-05
"404",3550308,2015-08-01,2,19.9151722475615,75.3191905151427,3.86e-05
"405",3550308,2015-08-01,3,20.6657700033507,79.983129387375,6.81e-05
"406",3550308,2015-08-01,4,22.0696406083882,81.143304668264,6.74e-05
"407",3550308,2015-08-01,5,23.0003209719005,82.6362377620187,8.34e-05
"408",3550308,2015-08-01,6,23.6624533221456,82.0425826177408,8.11e-05
"409",3550308,2015-09-01,1,18.9430901658209,79.4466493229602,5.4e-05
"410",3550308,2015-09-01,2,20.4857903952202,80.2276562856675,6.6e-05
"411",3550308,2015-09-01,3,21.9153569535229,81.2126457586379,6.34e-05
"412",3550308,2015-09-01,4,22.8616051454756,82.104075615853,7.17e-05
"413",3550308,2015-09-01,5,23.281469144201,82.2137325804,8.32e-05
"414",3550308,2015-09-01,6,23.5991486896724,83.126060784057,7.62e-05
"415",3550308,2015-10-01,1,20.8328433773647,79.1403528636197,6.19e-05
"416",3550308,2015-10-01,2,22.2796365369982,80.0032025736464,5.86e-05
"417",3550308,2015-10-01,3,22.8909920471971,82.0350322921635,8.12e-05
"418",3550308,2015-10-01,4,23.4780088811514,83.1523275956541,8.87e-05
"419",3550308,2015-10-01,5,23.4333508707096,82.4795546976462,7.76e-05
"420",3550308,2015-10-01,6,22.809840980486,82.5596150854847,5.86e-05
"421",3550308,2015-11-01,1,22.0532467294441,82.9940187796762,8.32e-05
"422",3550308,2015-11-01,2,22.6748072322831,83.1042332984604,8.53e-05
"423",3550308,2015-11-01,3,23.476507000424,81.9774946794597,9.02e-05
"424",3550308,2015-11-01,4,23.2120049687593,83.2911552689324,8.42e-05
"425",3550308,2015-11-01,5,22.7168708355857,82.8075536329239,5.98e-05
"426",3550308,2015-11-01,6,21.4595047701571,80.9100049667704,3.84e-05
"427",3550308,2015-12-01,1,23.109269536203,84.3684161188366,8.37e-05
"428",3550308,2015-12-01,2,23.5861726113936,83.0041938572197,9.34e-05
"429",3550308,2015-12-01,3,23.6420921724712,83.5494899085389,8.76e-05
"430",3550308,2015-12-01,4,22.5608046266443,83.0101888376033,6.04e-05
"431",3550308,2015-12-01,5,21.0503545773016,81.9286634873875,4.37e-05
"432",3550308,2015-12-01,6,19.4525973688772,80.4103626957992,3.87e-05
"433",3550308,2016-01-01,1,22.9513635259713,83.1221145400366,8.05e-05
"434",3550308,2016-01-01,2,23.6310774650657,83.6384811209573,8.43e-05
"435",3550308,2016-01-01,3,22.9133284999714,83.7642377685328,6.42e-05
"436",3550308,2016-01-01,4,21.1600329821561,81.8468171055029,4.3e-05
"437",3550308,2016-01-01,5,19.3939988247769,79.8891083626077,3.35e-05
"438",3550308,2016-01-01,6,18.0596334447148,79.07972435702,2.7e-05
"439",3550308,2016-02-01,1,23.9331492623529,82.1616518044926,6.99e-05
"440",3550308,2016-02-01,2,23.0622525859492,83.1462933068627,6.62e-05
"441",3550308,2016-02-01,3,21.3708290541065,82.5303274478974,4.46e-05
"442",3550308,2016-02-01,4,19.4573764602941,80.3396623420374,3.25e-05
"443",3550308,2016-02-01,5,18.1045161768161,79.4708884516913,2.73e-05
"444",3550308,2016-02-01,6,17.6696465535462,76.5162365384277,1.93e-05
"445",3550308,2016-03-01,1,22.9985899704614,84.5583896103481,8.35e-05
"446",3550308,2016-03-01,2,21.6845846258846,82.3637039589289,4.26e-05
"447",3550308,2016-03-01,3,19.7749259368432,80.4179308733605,3.41e-05
"448",3550308,2016-03-01,4,18.0773070160727,78.9413030683163,2.67e-05
"449",3550308,2016-03-01,5,17.7866278659762,77.5702348035165,1.99e-05
"450",3550308,2016-03-01,6,18.5738337449939,74.4719339092672,2.04e-05
"451",3550308,2016-04-01,1,22.5351733884467,81.3115790855064,2.6e-05
"452",3550308,2016-04-01,2,20.0643164521613,79.5597241882642,3.35e-05
"453",3550308,2016-04-01,3,18.13765748864,78.2348973182579,2.15e-05
"454",3550308,2016-04-01,4,17.7177422122182,75.1618849387719,1.83e-05
"455",3550308,2016-04-01,5,18.5106212607643,74.2944717091684,2.69e-05
"456",3550308,2016-04-01,6,19.8916024190596,74.4372559800227,3.67e-05
"457",3550308,2016-05-01,1,19.3973491020883,78.387446292771,2.87e-05
"458",3550308,2016-05-01,2,18.3734736547797,77.9908356709493,2.22e-05
"459",3550308,2016-05-01,3,17.7867728214532,75.5135054158369,1.5e-05
"460",3550308,2016-05-01,4,18.6233520045145,71.9905699240318,2.29e-05
"461",3550308,2016-05-01,5,19.6160818464195,74.5435572949688,4.1e-05
"462",3550308,2016-05-01,6,20.4699287657267,79.7138241841589,6.4e-05
"463",3550308,2016-06-01,1,17.3409058700783,83.4171802356657,5.51e-05
"464",3550308,2016-06-01,2,17.2631393585216,79.4200024317425,1.97e-05
"465",3550308,2016-06-01,3,18.2984488278222,76.6909272348355,2.15e-05
"466",3550308,2016-06-01,4,19.9469299633779,74.8138343174647,3.15e-05
"467",3550308,2016-06-01,5,20.0004075359475,80.3330016034365,6.98e-05
"468",3550308,2016-06-01,6,20.9124193418928,81.9385546977292,7.09e-05
"469",3550308,2016-07-01,1,17.2734084574687,78.0490629724753,8.5e-06
"470",3550308,2016-07-01,2,18.3457448318069,73.7664934073251,1.83e-05
"471",3550308,2016-07-01,3,19.7919991960881,75.3056448078945,3.45e-05
"472",3550308,2016-07-01,4,20.218918648049,80.1608947096395,6.39e-05
"473",3550308,2016-07-01,5,21.3011164829193,81.7059253501396,6.66e-05
"474",3550308,2016-07-01,6,22.1021179030428,83.0154638292734,9.33e-05
"475",3550308,2016-08-01,1,17.7337670095351,75.1513501885927,2.15e-05
"476",3550308,2016-08-01,2,19.473925302963,75.341330596305,3.99e-05
"477",3550308,2016-08-01,3,20.2043863113436,80.4172782097303,6.2e-05
"478",3550308,2016-08-01,4,20.7562031876121,81.6907713342212,7.09e-05
"479",3550308,2016-08-01,5,22.1001783799743,82.7724381279145,9.12e-05
"480",3550308,2016-08-01,6,22.777371924656,83.0009959464721,9.43e-05
"481",3550308,2016-09-01,1,19.0767381028894,78.8811483387178,3.67e-05
"482",3550308,2016-09-01,2,20.1717090844795,78.4027777937644,5.38e-05
"483",3550308,2016-09-01,3,20.9932957792529,81.8551499505009,6.58e-05
"484",3550308,2016-09-01,4,21.9380041073961,82.858553200011,8.67e-05
"485",3550308,2016-09-01,5,22.6551700928754,83.198849655293,8.89e-05
"486",3550308,2016-09-01,6,22.8792169590118,83.1178153904097,9.22e-05
"487",3550308,2016-10-01,1,19.8124632072973,78.4728610081068,5.74e-05
"488",3550308,2016-10-01,2,20.8521774901903,80.8970124045802,6.18e-05
"489",3550308,2016-10-01,3,22.446598813331,82.0002544290293,8.23e-05
"490",3550308,2016-10-01,4,22.6448714236295,83.5871859547544,0.0001077
"491",3550308,2016-10-01,5,23.3913907256257,83.4423679786837,8.74e-05
"492",3550308,2016-10-01,6,22.0838267271561,83.0571639013645,6.39e-05
"493",3550308,2016-11-01,1,21.2694196041477,80.4006942307286,6.77e-05
"494",3550308,2016-11-01,2,22.189112495319,81.4064440201415,8.28e-05
"495",3550308,2016-11-01,3,23.1554712970291,83.1580228471502,0.0001056
"496",3550308,2016-11-01,4,23.1028895555474,82.9934727973672,9.13e-05
"497",3550308,2016-11-01,5,21.9153017295267,82.8407958732721,6.25e-05
"498",3550308,2016-11-01,6,20.4856374785377,81.1861669658994,4.06e-05
"499",3550308,2016-12-01,1,22.2946800498449,82.2290257006863,9.07e-05
"500",3550308,2016-12-01,2,23.174645069443,82.5708011961246,0.0001024
"501",3550308,2016-12-01,3,23.0164677903779,83.8701800789305,9.53e-05
"502",3550308,2016-12-01,4,22.2421137869028,83.0753350445928,6.55e-05
"503",3550308,2016-12-01,5,21.2227799310676,81.3690436549785,3.86e-05
"504",3550308,2016-12-01,6,19.2891151291114,78.6751738411428,2.71e-05
"505",3550308,2017-01-01,1,24.4731314715121,80.4728902945061,0.0001051
"506",3550308,2017-01-01,2,23.5240107768703,82.537036709828,9.21e-05
"507",3550308,2017-01-01,3,22.6960969277999,82.7370215403323,6.9e-05
"508",3550308,2017-01-01,4,21.0169090358008,81.1304793724405,4.05e-05
"509",3550308,2017-01-01,5,19.6018028305689,78.8121578710734,2.63e-05
"510",3550308,2017-01-01,6,17.7774754285025,77.7599345527184,2.49e-05
"511",3550308,2017-02-01,1,23.4344595780262,83.2123088863991,8.79e-05
"512",3550308,2017-02-01,2,22.7207092248877,83.6181926905324,7.11e-05
"513",3550308,2017-02-01,3,21.0899445470779,81.9549847084096,3.85e-05
"514",3550308,2017-02-01,4,19.3305357105498,79.9355093859783,3.18e-05
"515",3550308,2017-02-01,5,17.7671781039334,78.5793354441961,2.46e-05
"516",3550308,2017-02-01,6,17.4701221535379,76.6565160817249,1.98e-05
"517",3550308,2017-03-01,1,22.9719304166658,82.6836148028868,7.55e-05
"518",3550308,2017-03-01,2,21.1207362503001,81.1741719686869,3.92e-05
"519",3550308,2017-03-01,3,19.7417619414906,78.5615864362674,2.68e-05
"520",3550308,2017-03-01,4,18.1237284821935,77.0258165134063,2.12e-05
"521",3550308,2017-03-01,5,17.7808344883174,74.279222297379,1.84e-05
"522",3550308,2017-03-01,6,18.5865434686468,73.6238139695874,2.5e-05
"523",3550308,2017-04-01,1,20.9789674305914,81.0047101550078,4.37e-05
"524",3550308,2017-04-01,2,19.111715869912,79.0689441863006,2.69e-05
"525",3550308,2017-04-01,3,18.1989341164611,77.411761639324,2.48e-05
"526",3550308,2017-04-01,4,17.6331073810518,75.3349407281452,1.89e-05
"527",3550308,2017-04-01,5,18.648483650312,72.6622831284418,2.34e-05
"528",3550308,2017-04-01,6,19.7390165130736,74.7760254875986,4.15e-05
"529",3550308,2017-05-01,1,19.4601101150819,80.1611258298236,2.17e-05
"530",3550308,2017-05-01,2,17.6398181002593,77.6155537274376,2.88e-05
"531",3550308,2017-05-01,3,17.3184097792576,76.4697390430943,2.01e-05
"532",3550308,2017-05-01,4,18.0353514752011,74.3578830858261,2.54e-05
"533",3550308,2017-05-01,5,19.6588712609425,75.2935952318151,4.32e-05
"534",3550308,2017-05-01,6,20.8227204128364,78.507942668315,5.43e-05
"535",3550308,2017-06-01,1,18.2751308889419,79.5667120580541,1.98e-05
"536",3550308,2017-06-01,2,17.5874336952381,75.808446086889,1.51e-05
"537",3550308,2017-06-01,3,18.2177994352795,74.3014381822295,2.38e-05
"538",3550308,2017-06-01,4,19.9009834070634,74.9484605129054,4.15e-05
"539",3550308,2017-06-01,5,20.6547319221277,79.7055734773529,6.06e-05
"540",3550308,2017-06-01,6,21.6757505024697,80.3515872936108,5.92e-05
"541",3550308,2017-07-01,1,16.7692867690423,75.950424616836,1.2e-05
"542",3550308,2017-07-01,2,18.2228868180812,73.4208717765863,2.3e-05
"543",3550308,2017-07-01,3,19.448433508176,74.9586627883661,3.86e-05
"544",3550308,2017-07-01,4,20.455167952971,79.7389668636296,6e-05
"545",3550308,2017-07-01,5,21.4411004624696,80.4331059547981,6.5e-05
"546",3550308,2017-07-01,6,22.2816362824772,82.6473032835676,8.6e-05
"547",3550308,2017-08-01,1,18.161436707718,70.5215307403001,1.4e-05
"548",3550308,2017-08-01,2,19.488325205485,73.6447643210733,3.83e-05
"549",3550308,2017-08-01,3,20.1909615088869,78.887395222782,5.81e-05
"550",3550308,2017-08-01,4,21.1493447519794,80.5274050268881,6.34e-05
"551",3550308,2017-08-01,5,22.0481668109714,82.3874888377178,7.87e-05
"552",3550308,2017-08-01,6,22.9074040437079,83.3562067012815,9.78e-05
"553",3550308,2017-09-01,1,20.1554354854674,69.877735497998,2.13e-05
"554",3550308,2017-09-01,2,20.2433816721361,78.1912121532795,5.64e-05
"555",3550308,2017-09-01,3,21.1064982415513,80.8335358395722,6.48e-05
"556",3550308,2017-09-01,4,21.9245224539482,82.5816126959833,8.72e-05
"557",3550308,2017-09-01,5,22.7612601861944,83.3950366250463,9.58e-05
"558",3550308,2017-09-01,6,22.914943991426,83.63756566354,8.84e-05
"559",3550308,2017-10-01,1,20.9724108600134,76.5538506250957,4.73e-05
"560",3550308,2017-10-01,2,20.5866067801584,80.1905829780372,6.09e-05
"561",3550308,2017-10-01,3,21.8038386838001,82.5350209949457,8.13e-05
"562",3550308,2017-10-01,4,22.6661201164151,83.3646692184581,9.59e-05
"563",3550308,2017-10-01,5,22.9835407283117,83.8294982393999,9.56e-05
"564",3550308,2017-10-01,6,21.9721676560945,83.1447051682553,6.55e-05
"565",3550308,2017-11-01,1,20.4458578464891,79.8058487440826,6.22e-05
"566",3550308,2017-11-01,2,21.8167789917742,81.9112089409722,7.51e-05
"567",3550308,2017-11-01,3,23.1127517734708,82.074672666354,9.01e-05
"568",3550308,2017-11-01,4,22.8774648180073,83.5195062602575,9.43e-05
"569",3550308,2017-11-01,5,22.1013538314502,83.1096228907263,6.54e-05
"570",3550308,2017-11-01,6,20.3995873595428,80.7193510944569,3.64e-05
"571",3550308,2017-12-01,1,21.4406967114755,83.1198910369277,7.57e-05
"572",3550308,2017-12-01,2,22.9740482811296,82.790634149182,9.59e-05
"573",3550308,2017-12-01,3,23.0242218665715,83.3782597454106,8.43e-05
"574",3550308,2017-12-01,4,22.0275505577677,83.3867084331741,6.59e-05
"575",3550308,2017-12-01,5,20.4523985555558,81.4168090369353,3.64e-05
"576",3550308,2017-12-01,6,18.8272683618271,79.1147748367325,2.59e-05
"577",3550308,2018-01-01,1,23.024929784839,83.0207056010538,0.000102
"578",3550308,2018-01-01,2,23.156549734031,83.4149267546856,9.3e-05
"579",3550308,2018-01-01,3,22.2419826182175,83.3724843377924,6.66e-05
"580",3550308,2018-01-01,4,20.6746343370266,81.6628937417138,4.04e-05
"581",3550308,2018-01-01,5,19.0816031089929,79.6649706184839,2.86e-05
"582",3550308,2018-01-01,6,17.6034878600433,78.3165241094862,2.43e-05
"583",3550308,2018-02-01,1,22.9374096173449,82.1740195086442,6.86e-05
"584",3550308,2018-02-01,2,22.2385762811861,83.38720603726,7.26e-05
"585",3550308,2018-02-01,3,20.6499394186673,81.6984020160995,3.91e-05
"586",3550308,2018-02-01,4,19.0398618864848,79.5901286058749,3.03e-05
"587",3550308,2018-02-01,5,17.5630348495882,78.8891191803491,2.4e-05
"588",3550308,2018-02-01,6,17.2405176364098,76.2915698964646,1.87e-05
"589",3550308,2018-03-01,1,22.4005737095297,82.966215414331,6.93e-05
"590",3550308,2018-03-01,2,20.4692079096426,80.7342143957798,3.78e-05
"591",3550308,2018-03-01,3,18.7943720166252,78.7560887462663,2.67e-05
"592",3550308,2018-03-01,4,17.6001125327673,77.8069362756482,2.27e-05
"593",3550308,2018-03-01,5,17.143891519737,75.608533946767,1.89e-05
"594",3550308,2018-03-01,6,18.0230093972432,74.166966354068,2.27e-05
"595",3550308,2018-04-01,1,20.9612178306663,80.6684592169962,4.02e-05
"596",3550308,2018-04-01,2,19.0577009776759,78.2944049829583,2.91e-05
"597",3550308,2018-04-01,3,17.635578859505,77.2892781729885,2.24e-05
"598",3550308,2018-04-01,4,17.0546289472235,75.6964807980423,1.99e-05
"599",3550308,2018-04-01,5,18.1836213962492,73.3923767578943,2.38e-05
"600",3550308,2018-04-01,6,19.5306348260208,74.5350172911725,3.86e-05
"601",3550308,2018-05-01,1,20.3592178478578,74.4782437742412,1.68e-05
"602",3550308,2018-05-01,2,17.8613007009117,75.7941670194458,2.33e-05
"603",3550308,2018-05-01,3,17.1627170197938,74.8112024087995,1.93e-05
"604",3550308,2018-05-01,4,18.2188919028122,72.4484496846338,2.03e-05
"605",3550308,2018-05-01,5,19.7247748965436,73.7935412987391,3.69e-05
"606",3550308,2018-05-01,6,20.4180956449753,78.8876957969554,5.92e-05
"607",3550308,2018-06-01,1,17.762850472851,78.2720349629793,3.47e-05
"608",3550308,2018-06-01,2,17.3067616670405,75.301737411797,1.9e-05
"609",3550308,2018-06-01,3,18.3702104180919,73.9880203469991,2.63e-05
"610",3550308,2018-06-01,4,19.426992962144,74.9655163302776,3.91e-05
"611",3550308,2018-06-01,5,20.5360148956866,78.2821089220929,5.59e-05
"612",3550308,2018-06-01,6,21.4163541260068,80.9994039393683,6.85e-05
"613",3550308,2018-07-01,1,17.9505366529949,72.5794914480955,1.4e-05
"614",3550308,2018-07-01,2,18.0873885875208,74.4476123907364,2.89e-05
"615",3550308,2018-07-01,3,19.5333688735072,74.9379301865361,4.35e-05
"616",3550308,2018-07-01,4,20.2713072840376,79.2498966078188,6.11e-05
"617",3550308,2018-07-01,5,21.6582924631431,80.763901283256,6.76e-05
"618",3550308,2018-07-01,6,22.5684286506911,81.864796288405,7.85e-05
"619",3550308,2018-08-01,1,17.4811886331666,79.4227101047632,3.23e-05
"620",3550308,2018-08-01,2,19.5079578378095,75.947164388706,3.79e-05
"621",3550308,2018-08-01,3,20.3201020207697,79.6689614256396,6.25e-05
"622",3550308,2018-08-01,4,21.2668491062815,80.4366909678677,6.29e-05
"623",3550308,2018-08-01,5,22.1047272868172,82.1382097603121,7.75e-05
"624",3550308,2018-08-01,6,22.7841595452301,83.2020431645429,9.58e-05
"625",3550308,2018-09-01,1,18.7062867706924,74.5980534697703,3.14e-05
"626",3550308,2018-09-01,2,20.1931646215728,78.9179089673191,5.94e-05
"627",3550308,2018-09-01,3,21.594091569808,81.0616034642389,6.53e-05
"628",3550308,2018-09-01,4,22.1857733790235,82.3838726686486,8.08e-05
"629",3550308,2018-09-01,5,22.8178490424955,83.267952979646,9.93e-05
"630",3550308,2018-09-01,6,22.766351079648,83.4501159793142,8.66e-05
"631",3550308,2018-10-01,1,20.3735646358292,81.4125154771028,6.57e-05
"632",3550308,2018-10-01,2,21.4268865384557,80.6760779149635,6.56e-05
"633",3550308,2018-10-01,3,22.2894654988376,82.1242599055171,8.24e-05
"634",3550308,2018-10-01,4,23.0197910174849,82.7507800535589,8.58e-05
"635",3550308,2018-10-01,5,23.1596233540743,82.6573166247034,7.82e-05
"636",3550308,2018-10-01,6,22.212191446822,83.066996089943,6.44e-05
"637",3550308,2018-11-01,1,20.8040598503549,81.9760653213714,7.06e-05
"638",3550308,2018-11-01,2,21.9913293104865,82.0379495405895,7.49e-05
"639",3550308,2018-11-01,3,22.8492551722396,83.2881876607945,9.91e-05
"640",3550308,2018-11-01,4,23.0893131436809,83.209736138563,8.3e-05
"641",3550308,2018-11-01,5,22.3553707637833,83.0684005095497,6.23e-05
"642",3550308,2018-11-01,6,20.8120873566576,81.320594350303,3.67e-05
"643",3550308,2018-12-01,1,21.8564580265668,82.0820111237288,8.29e-05
"644",3550308,2018-12-01,2,23.0684772558091,82.3429427285762,8.89e-05
"645",3550308,2018-12-01,3,23.1624165889609,83.2186595101531,8.68e-05
"646",3550308,2018-12-01,4,22.158572230141,83.2723867867422,6.63e-05
"647",3550308,2018-12-01,5,20.9452981267868,81.7196893856033,4.11e-05
"648",3550308,2018-12-01,6,19.0241879728749,79.1967891508692,2.65e-05
"649",3550308,2019-01-01,1,25.0873897305619,77.9798433269658,8.61e-05
"650",3550308,2019-01-01,2,23.6022865193544,82.3028131665569,9.25e-05
"651",3550308,2019-01-01,3,22.4828992047829,82.7402246998022,6.43e-05
"652",3550308,2019-01-01,4,21.2309081579294,80.9080356319783,3.67e-05
"653",3550308,2019-01-01,5,19.5524800441522,79.0529919624813,2.78e-05
"654",3550308,2019-01-01,6,18.238963803298,77.891181376385,2.57e-05
"655",3550308,2019-02-01,1,22.9855634728599,79.6601025594761,8.6e-05
"656",3550308,2019-02-01,2,22.4860898873261,83.0004160134992,7.29e-05
"657",3550308,2019-02-01,3,21.1369569925982,80.6510902009745,3.63e-05
"658",3550308,2019-02-01,4,19.3935901595752,78.7085491870461,3.05e-05
"659",3550308,2019-02-01,5,17.7598063318513,77.6977286507049,2.61e-05
"660",3550308,2019-02-01,6,17.499799011841,76.1681209600039,1.85e-05
"661",3550308,2019-03-01,1,22.7050119374604,83.1274095583786,8.22e-05
"662",3550308,2019-03-01,2,21.6620207620969,81.2117155096474,3.81e-05
"663",3550308,2019-03-01,3,20.0023183353427,79.5824726928833,3.53e-05
"664",3550308,2019-03-01,4,18.2405156806228,78.5326544071109,3.03e-05
"665",3550308,2019-03-01,5,17.8095918008468,76.8343323924894,2.43e-05
"666",3550308,2019-03-01,6,18.6530664761791,74.2907679353451,2.46e-05
"667",3550308,2019-04-01,1,21.4829848504027,80.1163704985458,3.81e-05
"668",3550308,2019-04-01,2,19.5667724087967,78.1092393695097,2.97e-05
"669",3550308,2019-04-01,3,18.0041253762507,77.4223386125349,2.93e-05
"670",3550308,2019-04-01,4,17.6021416407068,75.9896186619909,2.2e-05
"671",3550308,2019-04-01,5,18.459658951163,74.2633122087429,2.54e-05
"672",3550308,2019-04-01,6,19.8488939005089,75.2880652923915,4.59e-05
"673",3550308,2019-05-01,1,20.2651280989928,81.870137953626,3.48e-05
"674",3550308,2019-05-01,2,18.299019678842,78.2369384439786,2.43e-05
"675",3550308,2019-05-01,3,17.8064550553269,77.2393290114874,2.54e-05
"676",3550308,2019-05-01,4,18.7269238849964,74.7628078246363,2.53e-05
"677",3550308,2019-05-01,5,19.8528260420713,74.6649011886517,3.83e-05
"678",3550308,2019-05-01,6,21.0852269108645,78.437371280249,5.88e-05
"679",3550308,2019-06-01,1,18.0130149061724,79.4614987181291,2.8e-05
"680",3550308,2019-06-01,2,17.5246860716386,77.6994128094315,2.88e-05
"681",3550308,2019-06-01,3,18.1762612079083,76.4079411610669,2.83e-05
"682",3550308,2019-06-01,4,19.8295221840487,76.0521402483813,4.16e-05
"683",3550308,2019-06-01,5,20.5650337531407,79.0879232553171,5.58e-05
"684",3550308,2019-06-01,6,22.0494527045657,79.9957394990975,5.9e-05
"685",3550308,2019-07-01,1,17.7148947930449,74.9007279817447,2.61e-05
"686",3550308,2019-07-01,2,18.7367111885417,73.7052764245915,2.19e-05
"687",3550308,2019-07-01,3,20.0296904151426,74.5380678096143,3.86e-05
"688",3550308,2019-07-01,4,20.9459931548865,78.0439904637894,5.9e-05
"689",3550308,2019-07-01,5,21.8119495843664,80.0217763868923,6.7e-05
"690",3550308,2019-07-01,6,22.669393531785,81.4257157474054,7.39e-05
"691",3550308,2019-08-01,1,18.4739819991208,72.8976984640334,2.03e-05
"692",3550308,2019-08-01,2,20.1458676149543,72.8092970914521,3.48e-05
"693",3550308,2019-08-01,3,20.9320343776802,78.0973948189264,5.39e-05
"694",3550308,2019-08-01,4,21.9996934044229,79.8990507587363,6.59e-05
"695",3550308,2019-08-01,5,22.4423847473478,82.2075833553139,8.86e-05
"696",3550308,2019-08-01,6,22.7690442300846,82.8248997374865,8.87e-05
"697",3550308,2019-09-01,1,20.3223282070047,75.1238013340794,3.92e-05
"698",3550308,2019-09-01,2,21.1754803045471,76.8436602181376,5.68e-05
"699",3550308,2019-09-01,3,21.4355027536765,80.2368978622463,6.76e-05
"700",3550308,2019-09-01,4,22.3700261660576,81.538150954106,7.83e-05
"701",3550308,2019-09-01,5,22.8616810480614,82.6988061065218,9.23e-05
"702",3550308,2019-09-01,6,23.1256366340096,82.8517949631961,8.03e-05
"703",3550308,2019-10-01,1,22.1388896488678,71.4846434906003,3.16e-05
"704",3550308,2019-10-01,2,21.4137402277719,79.0789243790114,6.67e-05
"705",3550308,2019-10-01,3,22.5431640808825,82.1155172721986,8.18e-05
"706",3550308,2019-10-01,4,23.1899621177517,82.1033235719185,9.09e-05
"707",3550308,2019-10-01,5,23.1794178430964,82.4890862590127,7.9e-05
"708",3550308,2019-10-01,6,22.0816668959063,82.2266440047426,5.92e-05
"709",3550308,2019-11-01,1,22.0483084285803,78.8750753193312,6.94e-05
"710",3550308,2019-11-01,2,22.2546968489536,82.1490655062769,8.7e-05
"711",3550308,2019-11-01,3,22.9020163860813,83.1431210812765,9.42e-05
"712",3550308,2019-11-01,4,23.1438571385622,83.5008941304807,8.58e-05
"713",3550308,2019-11-01,5,22.0877867917224,83.0697478462075,6.05e-05
"714",3550308,2019-11-01,6,20.9413941219406,81.0086134792958,3.58e-05
"715",3550308,2019-12-01,1,21.7410465023647,82.1028123833105,8.13e-05
"716",3550308,2019-12-01,2,23.154568413436,83.0318506820204,9.34e-05
"717",3550308,2019-12-01,3,23.3422505560246,83.5606535358428,8.82e-05
"718",3550308,2019-12-01,4,22.1129084686972,82.9492022486559,6.04e-05
"719",3550308,2019-12-01,5,20.8098246903754,81.2097329255803,3.56e-05
"720",3550308,2019-12-01,6,19.3162938658816,79.2902047269103,2.64e-05
"721",3550308,2020-01-01,1,23.3912899087836,82.3243870378282,0.0001046
"722",3550308,2020-01-01,2,23.2707330151246,83.3361186230447,9.93e-05
"723",3550308,2020-01-01,3,22.3026104515932,82.1772850171808,5.47e-05
"724",3550308,2020-01-01,4,20.9776799041281,81.044614235753,3.7e-05
"725",3550308,2020-01-01,5,19.2346283993945,79.5771068746141,2.85e-05
"726",3550308,2020-01-01,6,17.8366012142408,78.6070854040364,2.53e-05
"727",3550308,2020-02-01,1,23.1178484839584,84.3747258534579,0.0001123
"728",3550308,2020-02-01,2,22.2822119322965,82.6691948578351,6e-05
"729",3550308,2020-02-01,3,20.9224050902139,80.6543749808412,3.47e-05
"730",3550308,2020-02-01,4,19.5473938067411,78.8144976987301,2.85e-05
"731",3550308,2020-02-01,5,17.7324656962802,78.2451968165747,2.71e-05
"732",3550308,2020-02-01,6,17.440762428002,76.2486014974135,1.96e-05
"733",3550308,2020-03-01,1,21.6611116172695,82.4540802008318,5.66e-05
"734",3550308,2020-03-01,2,20.9914476228837,80.6562595448153,3.54e-05
"735",3550308,2020-03-01,3,19.2749251599981,78.5188638497298,2.8e-05
"736",3550308,2020-03-01,4,17.724146061547,78.3078699885707,2.56e-05
"737",3550308,2020-03-01,5,17.5081058082366,75.9467315617365,2.04e-05
"738",3550308,2020-03-01,6,18.5718207158023,72.7262487135873,2.23e-05
"739",3550308,2020-04-01,1,20.3764133025503,77.7633508986832,2.77e-05
"740",3550308,2020-04-01,2,19.378297756456,76.8911255522403,2.75e-05
"741",3550308,2020-04-01,3,17.907539197272,77.4544425910231,2.63e-05
"742",3550308,2020-04-01,4,17.4118417963403,75.4078814179069,1.81e-05
"743",3550308,2020-04-01,5,18.664630016037,72.4876626892713,2.23e-05
"744",3550308,2020-04-01,6,19.7630301694963,74.0648018873451,4.19e-05
"745",3550308,2020-05-01,1,18.4609241196937,75.2764713947194,3.27e-05
"746",3550308,2020-05-01,2,17.9557265432119,77.9891804531422,3.28e-05
"747",3550308,2020-05-01,3,17.315277964721,75.7899668120734,1.66e-05
"748",3550308,2020-05-01,4,18.292550816527,72.711849810245,2.59e-05
"749",3550308,2020-05-01,5,19.8053233497873,73.9216787577209,3.7e-05
"750",3550308,2020-05-01,6,20.2785509429845,79.1615153300969,5.86e-05
"751",3550308,2020-06-01,1,18.2610170829292,76.2880034136767,2.67e-05
"752",3550308,2020-06-01,2,17.7314052193334,73.3909223539219,1.56e-05
"753",3550308,2020-06-01,3,18.5671734654092,71.2902253335024,2.35e-05
"754",3550308,2020-06-01,4,19.7646542718453,74.7687411517839,4.27e-05
"755",3550308,2020-06-01,5,20.4074301260045,78.1802597992428,6.06e-05
"756",3550308,2020-06-01,6,21.115228541726,81.0641589487518,6.78e-05
"757",3550308,2020-07-01,1,17.9603631848202,74.1186871444866,9.6e-06
"758",3550308,2020-07-01,2,18.8352844341942,71.316975747748,2.25e-05
"759",3550308,2020-07-01,3,20.3005831119023,71.6097496389501,3.41e-05
"760",3550308,2020-07-01,4,20.6701819088735,77.9813094248321,6.04e-05
"761",3550308,2020-07-01,5,21.0547014986901,79.6021780473856,6.23e-05
"762",3550308,2020-07-01,6,21.8652384169438,81.6636629056481,7.92e-05
"763",3550308,2020-08-01,1,18.3895102936744,71.862440939199,2.24e-05
"764",3550308,2020-08-01,2,19.9784921195343,72.8880695888733,3.5e-05
"765",3550308,2020-08-01,3,20.2753576958939,79.0398589103673,6.27e-05
"766",3550308,2020-08-01,4,21.0729226299535,80.7414040812044,6.35e-05
"767",3550308,2020-08-01,5,21.8325979509416,81.8622977984782,7.77e-05
"768",3550308,2020-08-01,6,22.7477237697261,83.1075448761097,9.49e-05
"769",3550308,2020-09-01,1,20.9070487185169,69.9219452675033,2.02e-05
"770",3550308,2020-09-01,2,20.2499588897736,77.7697854954027,6.05e-05
"771",3550308,2020-09-01,3,20.8758349044982,80.8309235308276,6.75e-05
"772",3550308,2020-09-01,4,22.1398709110171,82.2821277397631,8.22e-05
"773",3550308,2020-09-01,5,22.8555601893652,82.8577614727834,9.52e-05
"774",3550308,2020-09-01,6,22.8918579238396,83.5141458303113,9.63e-05
"775",3550308,2020-10-01,1,21.5309950444623,73.6361395329303,4.74e-05
"776",3550308,2020-10-01,2,20.6443865099458,79.6014052430051,6.26e-05
"777",3550308,2020-10-01,3,21.7321422215964,82.0414854156409,8.22e-05
"778",3550308,2020-10-01,4,22.9573250613157,83.3039736329371,0.0001001
"779",3550308,2020-10-01,5,22.7774166552756,83.5076565777476,8.79e-05
"780",3550308,2020-10-01,6,21.9713851607929,83.2136898847507,6.62e-05
"781",3550308,2020-11-01,1,20.6343889126695,78.1405550186135,5.86e-05
"782",3550308,2020-11-01,2,21.9906219865533,82.1984893063383,8.47e-05
"783",3550308,2020-11-01,3,23.0818120783468,83.2876278589847,9.54e-05
"784",3550308,2020-11-01,4,22.9861406619432,83.9479786906423,9.62e-05
"785",3550308,2020-11-01,5,22.1113839321183,83.3187100827649,6.52e-05
"786",3550308,2020-11-01,6,19.9717299825519,80.7334957399123,3.48e-05
"787",3550308,2020-12-01,1,22.6589437550335,83.3751450929454,0.0001096
"788",3550308,2020-12-01,2,23.2606350561081,83.0529599791362,0.0001012
"789",3550308,2020-12-01,3,23.112672829761,83.7481576926926,9.26e-05
"790",3550308,2020-12-01,4,22.3033763362158,82.8924602798269,6.63e-05
"791",3550308,2020-12-01,5,20.5449506595912,81.2343087560307,3.76e-05
"792",3550308,2020-12-01,6,18.8105084556308,79.1093724394436,2.48e-05
"793",3550308,2021-01-01,1,23.1297583091848,82.7518410366228,9.78e-05
"794",3550308,2021-01-01,2,23.1153821622773,83.2656086916923,9.1e-05
"795",3550308,2021-01-01,3,22.0712208602945,83.6984681772117,7.22e-05
"796",3550308,2021-01-01,4,20.3191029790551,81.5175217350399,4.11e-05
"797",3550308,2021-01-01,5,18.7855658380175,79.8871708572792,2.85e-05
"798",3550308,2021-01-01,6,17.5846323790386,77.806624932367,1.91e-05
"799",3550308,2021-02-01,1,22.4503847327436,82.4616438278305,8.97e-05
"800",3550308,2021-02-01,2,22.2774876604294,83.0475837055105,7.27e-05
"801",3550308,2021-02-01,3,20.5045353428513,80.4162046067926,3.46e-05
"802",3550308,2021-02-01,4,18.9041244030046,78.0520747056958,2.55e-05
"803",3550308,2021-02-01,5,17.2762949380124,77.1888899666844,2.26e-05
"804",3550308,2021-02-01,6,16.9964994190663,74.8796738503416,1.72e-05
"805",3550308,2021-03-01,1,22.298363912245,83.417727726818,7.26e-05
"806",3550308,2021-03-01,2,20.5638396981232,81.1900246431869,3.98e-05
"807",3550308,2021-03-01,3,18.7585463789715,79.1284029210915,2.49e-05
"808",3550308,2021-03-01,4,17.6244236233519,77.5054232701751,2.25e-05
"809",3550308,2021-03-01,5,16.9204004858818,75.8451046862516,1.67e-05
"810",3550308,2021-03-01,6,18.1147103696087,73.1845461437001,2.17e-05
"811",3550308,2021-04-01,1,20.6265343643551,78.0513794176466,3.53e-05
"812",3550308,2021-04-01,2,19.0585626616013,78.0348292963213,2.67e-05
"813",3550308,2021-04-01,3,17.5467781579992,76.9500774624274,2.25e-05
"814",3550308,2021-04-01,4,17.196929072628,74.7578957691411,1.58e-05
"815",3550308,2021-04-01,5,18.2762513621817,72.1661829819451,2.4e-05
"816",3550308,2021-04-01,6,19.4703576938414,75.0548698515259,4.64e-05
"817",3550308,2021-05-01,1,18.950326173229,74.9630860536876,2.03e-05
"818",3550308,2021-05-01,2,17.1863719416846,77.0037757884715,2.82e-05
"819",3550308,2021-05-01,3,17.0187931594112,75.1129629380158,1.75e-05
"820",3550308,2021-05-01,4,17.9927389996924,72.7025953554741,2.19e-05
"821",3550308,2021-05-01,5,19.2137003270498,75.7459942309836,5.08e-05
"822",3550308,2021-05-01,6,20.1652579064326,79.0759581090561,6.02e-05
"823",3550308,2021-06-01,1,17.8089501068839,78.6766463635431,2.45e-05
"824",3550308,2021-06-01,2,17.3027919253678,75.4689894551003,1.76e-05
"825",3550308,2021-06-01,3,18.1602546432378,72.5058646395311,2.19e-05
"826",3550308,2021-06-01,4,19.2640185930279,74.5595026922027,4.39e-05
"827",3550308,2021-06-01,5,19.7478429763976,79.4454827450205,6.12e-05
"828",3550308,2021-06-01,6,20.924248378003,81.1182811729362,6.53e-05
"829",3550308,2021-07-01,1,16.8854574518041,74.6131838443429,9.4e-06
"830",3550308,2021-07-01,2,18.3371360532379,71.437624051408,2.33e-05
"831",3550308,2021-07-01,3,19.2783561613443,74.5655715408724,4.08e-05
"832",3550308,2021-07-01,4,19.7469425481461,79.4641258519553,6.18e-05
"833",3550308,2021-07-01,5,20.6603039362951,80.7992773928788,6.18e-05
"834",3550308,2021-07-01,6,21.8357852597159,81.6880069263435,7.4e-05
"835",3550308,2021-08-01,1,17.4928654534562,72.1217814199733,1.55e-05
"836",3550308,2021-08-01,2,19.0929806364628,74.6270414521227,4.17e-05
"837",3550308,2021-08-01,3,19.7278025157701,79.2658130661332,5.65e-05
"838",3550308,2021-08-01,4,20.9478875943906,80.2216354500358,6e-05
"839",3550308,2021-08-01,5,21.7442034737219,82.3328114587001,7.96e-05
"840",3550308,2021-08-01,6,22.7367205571562,83.3186001818491,9.96e-05
"841",3550308,2021-09-01,1,20.223407256827,73.0467967319142,3.15e-05
"842",3550308,2021-09-01,2,19.5483903607377,79.0759604898277,6.07e-05
"843",3550308,2021-09-01,3,20.699813010099,80.6504940538039,6.68e-05
"844",3550308,2021-09-01,4,21.6903481318013,81.9678590946775,7.39e-05
"845",3550308,2021-09-01,5,22.5620548400144,83.2984877367366,9.51e-05
"846",3550308,2021-09-01,6,22.8235261056474,83.6166128837044,8.76e-05
"847",3550308,2021-10-01,1,19.6280112263196,80.6961506834112,7.2e-05
"848",3550308,2021-10-01,2,20.6595399438813,81.4360542790825,6.31e-05
"849",3550308,2021-10-01,3,21.6712917280296,82.7712634498483,8.2e-05
"850",3550308,2021-10-01,4,22.6308179960354,83.6176738426271,9.98e-05
"851",3550308,2021-10-01,5,22.7039044344134,83.7329258904237,9.46e-05
"852",3550308,2021-10-01,6,21.800411368239,82.9486466741232,6.52e-05
"853",3550308,2021-11-01,1,20.0221597038552,80.982084974275,5.07e-05
"854",3550308,2021-11-01,2,21.6074524051902,82.8379375202037,8.46e-05
"855",3550308,2021-11-01,3,22.7145943813371,83.6449943119575,0.0001026
"856",3550308,2021-11-01,4,22.7969115250358,84.172807591037,9.43e-05
"857",3550308,2021-11-01,5,21.9588927845509,83.5283175729796,6.87e-05
"858",3550308,2021-11-01,6,20.4562423500681,81.3567561680505,3.93e-05
"859",3550308,2021-12-01,1,21.441413683663,81.0864321984095,7.34e-05
"860",3550308,2021-12-01,2,23.1406391609008,83.352093904654,9.36e-05
"861",3550308,2021-12-01,3,23.073515250774,83.9705832719407,9.7e-05
"862",3550308,2021-12-01,4,22.0247477647073,83.5050541597028,6.21e-05
"863",3550308,2021-12-01,5,20.5319094867976,81.0898169848929,3.52e-05
"864",3550308,2021-12-01,6,18.9454926502618,78.932249041878,2.74e-05
"865",3550308,2022-01-01,1,22.8406691216522,84.9025468593232,0.0001123
"866",3550308,2022-01-01,2,23.290243228891,83.6103901695667,9.08e-05
"867",3550308,2022-01-01,3,22.0747390839287,83.4132041494667,6.59e-05
"868",3550308,2022-01-01,4,20.3198591865713,81.2203428696134,3.52e-05
"869",3550308,2022-01-01,5,18.8201747117974,78.8575481376797,2.53e-05
"870",3550308,2022-01-01,6,17.2678628344185,78.0063478294633,2.55e-05
"871",3550308,2022-02-01,1,23.3431248778267,84.607194233629,0.0001053
"872",3550308,2022-02-01,2,22.0104376151409,83.1114665624934,6.49e-05
"873",3550308,2022-02-01,3,20.3611548894108,80.7676481170246,3.62e-05
"874",3550308,2022-02-01,4,18.5432829084352,79.0369940890076,2.74e-05
"875",3550308,2022-02-01,5,17.270237526536,77.8777027545592,2.2e-05
"876",3550308,2022-02-01,6,17.1334557902919,76.1685521337164,1.61e-05
"877",3550308,2022-03-01,1,23.4031852616286,79.816727760226,6.48e-05
"878",3550308,2022-03-01,2,20.4380739503836,80.505252321321,3.87e-05
"879",3550308,2022-03-01,3,18.9610799900979,78.5650598669126,2.57e-05
"880",3550308,2022-03-01,4,17.4527365685486,76.7865595144783,2.28e-05
"881",3550308,2022-03-01,5,17.0213226221699,75.109994430053,1.54e-05
"882",3550308,2022-03-01,6,18.1744876200212,71.7087328880497,2.04e-05
"883",3550308,2022-04-01,1,20.9953712615826,82.6620355812984,4.68e-05
"884",3550308,2022-04-01,2,18.9731189225413,78.69321262555,2.89e-05
"885",3550308,2022-04-01,3,17.6067766014689,78.1886801724136,2.38e-05
"886",3550308,2022-04-01,4,17.0370143363024,75.9145945985656,1.87e-05
"887",3550308,2022-04-01,5,17.9727447956973,72.8759347433824,2.2e-05
"888",3550308,2022-04-01,6,19.1470263512446,75.4653157387409,3.84e-05
"889",3550308,2022-05-01,1,18.6824339206848,77.179092984047,3.32e-05
"890",3550308,2022-05-01,2,17.2734357358115,78.5816233834432,2.64e-05
"891",3550308,2022-05-01,3,17.0576507385142,75.8163513177675,1.75e-05
"892",3550308,2022-05-01,4,18.0490362989194,72.6157681249982,1.96e-05
"893",3550308,2022-05-01,5,19.4409521223221,74.4052186038656,4.07e-05
"894",3550308,2022-05-01,6,20.0245452172949,78.9942279047551,5.58e-05
"895",3550308,2022-06-01,1,16.9852207823498,80.0257954461221,2.85e-05
"896",3550308,2022-06-01,2,16.8682523429834,75.8110540596465,1.75e-05
"897",3550308,2022-06-01,3,18.0357305580275,72.5619622086685,1.99e-05
"898",3550308,2022-06-01,4,19.1306560898572,74.8378233969317,4.06e-05
"899",3550308,2022-06-01,5,19.6250773702554,79.6142997121512,5.82e-05
"900",3550308,2022-06-01,6,20.3675719838732,80.9263481270038,6.34e-05
"901",3550308,2022-07-01,1,18.0386548847702,71.4924257448759,8.7e-06
"902",3550308,2022-07-01,2,18.0245557504251,71.3955046443162,2.31e-05
"903",3550308,2022-07-01,3,19.1448184444585,74.3563497927617,3.98e-05
"904",3550308,2022-07-01,4,19.6236546325239,79.0893015975772,5.52e-05
"905",3550308,2022-07-01,5,20.4157201268607,80.6980772664107,6.61e-05
"906",3550308,2022-07-01,6,21.2844401596998,82.208697038339,7.9e-05
"907",3550308,2022-08-01,1,18.5464272825158,73.0577059534615,2.41e-05
"908",3550308,2022-08-01,2,19.3720897043239,73.3986072700948,3.82e-05
"909",3550308,2022-08-01,3,19.5234890087198,79.8529043580332,6.59e-05
"910",3550308,2022-08-01,4,20.3317466367611,81.0630279338704,6.13e-05
"911",3550308,2022-08-01,5,21.3033402956696,82.5524155599013,8.18e-05
"912",3550308,2022-08-01,6,22.574850239314,83.3065454070663,9.45e-05
"913",3550308,2022-09-01,1,18.0758774621978,76.2289819145011,5.69e-05
"914",3550308,2022-09-01,2,19.5498586995387,80.1748101297461,5.9e-05
"915",3550308,2022-09-01,3,20.083514457941,80.7836144334797,6.14e-05
"916",3550308,2022-09-01,4,21.4595490924774,82.1835128281721,7.5e-05
"917",3550308,2022-09-01,5,22.5911157110569,83.0253311745866,8.76e-05
"918",3550308,2022-09-01,6,22.6254757101652,82.9880183721895,8.5e-05
"919",3550308,2022-10-01,1,19.2417183297592,81.0816117284683,5.76e-05
"920",3550308,2022-10-01,2,20.1336111767422,80.7931779426083,6.27e-05
"921",3550308,2022-10-01,3,21.1985062783825,81.934689603506,7.63e-05
"922",3550308,2022-10-01,4,22.5527405060894,83.2873366648522,9.12e-05
"923",3550308,2022-10-01,5,22.9062464360327,83.5545354806498,8.72e-05
"924",3550308,2022-10-01,6,21.8495279370591,82.9234460123309,6.59e-05
"925",3550308,2022-11-01,1,19.3174517687975,78.2318634238022,5.85e-05
"926",3550308,2022-11-01,2,21.6643861768553,81.6604812463108,7.95e-05
"927",3550308,2022-11-01,3,22.710563512078,83.5400165715909,9.97e-05
"928",3550308,2022-11-01,4,22.7278037597933,83.7233557660578,9.1e-05
"929",3550308,2022-11-01,5,21.8518504942816,83.5331888661861,6.84e-05
"930",3550308,2022-11-01,6,20.6054651692571,81.5118790531865,4.03e-05
"931",3550308,2022-12-01,1,22.7963231761113,82.8653657233816,9.52e-05
"932",3550308,2022-12-01,2,23.1025144455234,83.18479596064,0.0001009
"933",3550308,2022-12-01,3,23.3426618025493,83.4599456952648,8.71e-05
"934",3550308,2022-12-01,4,22.1367422842143,83.4020374162972,6.42e-05
"935",3550308,2022-12-01,5,20.5969075771289,81.4211736762875,3.56e-05
"936",3550308,2022-12-01,6,19.1104843263395,78.7789019303572,2.38e-05
"937",3550308,2023-01-01,1,22.5825129129074,84.6790480912852,0.0001144
"938",3550308,2023-01-01,2,23.2143659341387,83.4546246891015,8.62e-05
"939",3550308,2023-01-01,3,22.1409195581339,83.3294070361241,6.59e-05
"940",3550308,2023-01-01,4,20.5852867612049,81.5763131708858,3.57e-05
"941",3550308,2023-01-01,5,19.0687325383248,79.6444786082362,2.88e-05
"942",3550308,2023-01-01,6,17.5762232518645,78.0130803543363,2.24e-05
"943",3550308,2023-02-01,1,23.2396453869778,84.079679905421,9.85e-05
"944",3550308,2023-02-01,2,22.1698039499631,83.635243067071,6.64e-05
"945",3550308,2023-02-01,3,20.8112219183413,81.8629926873205,3.91e-05
"946",3550308,2023-02-01,4,19.0471516183787,79.5785999929763,2.68e-05
"947",3550308,2023-02-01,5,17.441112514564,78.3731103416957,2.34e-05
"948",3550308,2023-02-01,6,17.2014582352379,76.7134733150465,2.27e-05
"949",3550308,2023-03-01,1,22.8309232650382,83.8115559168927,7.22e-05
"950",3550308,2023-03-01,2,20.6230326542707,81.8767660750051,3.82e-05
"951",3550308,2023-03-01,3,18.9280641512074,79.830827820159,2.83e-05
"952",3550308,2023-03-01,4,17.522184575162,78.5727174436639,2.63e-05
"953",3550308,2023-03-01,5,17.1279887303294,76.5453932690636,1.87e-05
"954",3550308,2023-03-01,6,18.2797462853034,74.8054127420782,2.57e-05
"955",3550308,2023-04-01,1,20.3412968486623,80.2463001735099,3.58e-05
"956",3550308,2023-04-01,2,19.250054219877,77.9557842140286,2.32e-05
"957",3550308,2023-04-01,3,17.6336002847931,78.3255687292419,2.83e-05
"958",3550308,2023-04-01,4,17.6695958089558,76.0832925873487,2.05e-05
"959",3550308,2023-04-01,5,18.5480245148215,73.5219466581288,2.72e-05
"960",3550308,2023-04-01,6,19.7292516360666,75.1957123615967,4.36e-05
"961",3550308,2023-05-01,1,18.6827992143699,80.3490105070122,2.67e-05
"962",3550308,2023-05-01,2,18.0134408243647,78.5012846562125,2.44e-05
"963",3550308,2023-05-01,3,17.3804648683494,76.7903634233251,2.58e-05
"964",3550308,2023-05-01,4,18.4883506649238,74.3857798134541,2.44e-05
"965",3550308,2023-05-01,5,20.1039300188657,75.1773427601527,4.07e-05
"966",3550308,2023-05-01,6,20.8295255890192,78.4435052354322,6.25e-05
"967",3550308,2023-06-01,1,17.4201784633032,79.2603941264613,2.69e-05
"968",3550308,2023-06-01,2,17.7502466542064,76.0584826262673,2.04e-05
"969",3550308,2023-06-01,3,18.6312810783613,74.8556400147957,2.86e-05
"970",3550308,2023-06-01,4,20.0414376368533,75.3410116736115,4.13e-05
"971",3550308,2023-06-01,5,21.0374534816781,79.213468061382,6.18e-05
"972",3550308,2023-06-01,6,21.7854302520011,80.7986713035518,6.71e-05
"973",3550308,2023-07-01,1,17.3504260780535,74.8348123537099,2.07e-05
"974",3550308,2023-07-01,2,18.672308505514,72.9595276633557,2.63e-05
"975",3550308,2023-07-01,3,19.6873241936609,75.7845329546625,5.34e-05
"976",3550308,2023-07-01,4,20.4084834014865,80.2434281126342,6.79e-05
"977",3550308,2023-07-01,5,21.7900687401907,81.426611902087,6.69e-05
"978",3550308,2023-07-01,6,22.7395311398131,82.0674490991577,7.54e-05
"979",3550308,2023-08-01,1,19.0188097123861,73.726162837592,2.25e-05
"980",3550308,2023-08-01,2,19.7250580564356,75.0131093417071,4.75e-05
"981",3550308,2023-08-01,3,20.7297962496278,79.8094860280671,6.62e-05
"982",3550308,2023-08-01,4,22.0007915485824,80.8951759949596,6.65e-05
"983",3550308,2023-08-01,5,22.7190265485981,82.8433814138905,7.76e-05
"984",3550308,2023-08-01,6,23.4437033533472,82.9520942925111,8.86e-05
"985",3550308,2023-09-01,1,21.2712710321287,72.0900805716834,3.14e-05
"986",3550308,2023-09-01,2,20.9060910168774,78.4747634180323,6.62e-05
"987",3550308,2023-09-01,3,21.6608266443475,80.8202975243461,6.97e-05
"988",3550308,2023-09-01,4,22.7494369874182,82.5974325610884,7.79e-05
"989",3550308,2023-09-01,5,23.1298515415906,83.0989431859095,8.2e-05
"990",3550308,2023-09-01,6,22.9999179989263,83.7114868835127,8.04e-05
"991",3550308,2023-10-01,1,21.4829804583993,81.4720440862087,8.74e-05
"992",3550308,2023-10-01,2,22.1154932166804,80.49581591698,6.7e-05
"993",3550308,2023-10-01,3,22.9824297037111,81.9738933843254,7.62e-05
"994",3550308,2023-10-01,4,23.3993406723208,82.3234793061539,8.2e-05
"995",3550308,2023-10-01,5,23.2484560102652,83.0091575943881,7.16e-05
"996",3550308,2023-10-01,6,22.4942476376844,82.6539909968459,5.54e-05
"997",3550308,2023-11-01,1,21.9721091180546,79.3362814391567,5.72e-05
"998",3550308,2023-11-01,2,23.109910819517,81.3726112872081,7.44e-05
"999",3550308,2023-11-01,3,23.4318006586301,82.4750878933883,8.63e-05
"1000",3550308,2023-11-01,4,23.3832323821078,83.265598830091,7.9e-05
"1001",3550308,2023-11-01,5,22.5789193065421,82.9680372365805,5.83e-05
"1002",3550308,2023-11-01,6,21.3528370267791,81.0733527794846,3.89e-05
"1003",3550308,2023-12-01,1,23.0239216120466,82.4021772577191,7.57e-05
"1004",3550308,2023-12-01,2,23.322741199457,83.1636798317639,8.84e-05
"1005",3550308,2023-12-01,3,23.4393769854132,83.3044104531961,8.48e-05
"1006",3550308,2023-12-01,4,22.5746474567146,83.1837412616493,5.96e-05
"1007",3550308,2023-12-01,5,21.1553830903863,81.3679032061088,3.62e-05
"1008",3550308,2023-12-01,6,19.6683693488504,79.8456637296805,3e-05
"1009",3550308,2024-01-01,1,23.7235816530972,81.2273449886998,8.3e-05
"1010",3550308,2024-01-01,2,23.4022942199418,83.2977169246853,8.79e-05
"1011",3550308,2024-01-01,3,22.5848023747532,83.0757636631956,6.57e-05
"1012",3550308,2024-01-01,4,21.2194921716472,81.3578345040544,3.99e-05
"1013",3550308,2024-01-01,5,19.6807174419539,79.7759343237845,3.04e-05
"1014",3550308,2024-01-01,6,18.2123757421344,77.5510249141463,2.17e-05
"1015",3550308,2024-02-01,1,23.4865621233794,83.5331490767943,9.51e-05
"1016",3550308,2024-02-01,2,22.4232337988698,82.7200028577855,5.8e-05
"1017",3550308,2024-02-01,3,21.3016279063241,81.0352541612038,3.51e-05
"1018",3550308,2024-02-01,4,19.3646178192683,79.1919078195922,3.16e-05
"1019",3550308,2024-02-01,5,17.9751582718947,78.1008907802992,2.78e-05
"1020",3550308,2024-02-01,6,17.6872449235087,76.2641340553317,1.82e-05
"1021",3550308,2024-03-01,1,22.8121267947969,82.1227180655681,6.3e-05
"1022",3550308,2024-03-01,2,21.3346056396757,80.0976491626916,3.65e-05
"1023",3550308,2024-03-01,3,19.4962054955562,77.5951159099239,3.03e-05
"1024",3550308,2024-03-01,4,17.9163694641389,77.1985256024627,2.45e-05
"1025",3550308,2024-03-01,5,17.800643376416,74.8213242769932,1.64e-05
"1026",3550308,2024-03-01,6,18.7981736100106,71.332940886061,2.02e-05
"1027",3550308,2024-04-01,1,21.5734142405195,78.8637851276034,3.02e-05
"1028",3550308,2024-04-01,2,20.0498809400419,77.0376837713055,2.63e-05
"1029",3550308,2024-04-01,3,18.4979146792175,75.6890373812013,2.53e-05
"1030",3550308,2024-04-01,4,17.9535028108152,74.457919770906,1.61e-05
"1031",3550308,2024-04-01,5,18.9726340100324,70.8738878106206,1.92e-05
"1032",3550308,2024-04-01,6,20.3819848830906,71.5889129966857,3.65e-05
"1033",3550308,2024-05-01,1,21.6865345978767,70.4164929672504,1.5e-05
"1034",3550308,2024-05-01,2,18.3461992326116,74.9010780772998,2.74e-05
"1035",3550308,2024-05-01,3,18.2022144774801,73.9408245281285,1.72e-05
"1036",3550308,2024-05-01,4,19.0827294628448,69.5927325795955,2.05e-05
"1037",3550308,2024-05-01,5,20.5377713335863,72.1649413381478,3.52e-05
"1038",3550308,2024-05-01,6,20.6306404108565,78.3228692782425,5.92e-05
"1039",3550308,2024-06-01,1,18.8409471715745,75.2012628948597,1.39e-05
"1040",3550308,2024-06-01,2,18.4460668123186,72.3176498081132,1.41e-05
"1041",3550308,2024-06-01,3,19.3438713096039,71.0328777560561,2.28e-05
"1042",3550308,2024-06-01,4,20.6788179007038,71.2494114312346,3.64e-05
"1043",3550308,2024-06-01,5,20.7993590927126,78.715068440276,6.13e-05
"1044",3550308,2024-06-01,6,21.5677819824669,80.84322764239,6.84e-05
"1045",3550308,2024-07-01,1,18.1190423361653,73.9696676907242,1.81e-05
"1046",3550308,2024-07-01,2,19.0807574219584,72.3326952356736,2.58e-05
"1047",3550308,2024-07-01,3,20.1075178741246,74.0683189739805,4.17e-05
"1048",3550308,2024-07-01,4,20.8357256940432,78.9400416651807,6.5e-05
"1049",3550308,2024-07-01,5,21.4454914362653,81.3270244620033,7.18e-05
"1050",3550308,2024-07-01,6,22.1873324625122,82.3995538904712,8.37e-05
"1051",3550308,2024-08-01,1,18.8369770395528,68.3018647165358,1.49e-05
"1052",3550308,2024-08-01,2,20.0020907403153,73.5254935111542,4.32e-05
"1053",3550308,2024-08-01,3,20.6367572066698,78.7154248709059,6.48e-05
"1054",3550308,2024-08-01,4,21.6282352132374,81.2098307032651,7.11e-05
"1055",3550308,2024-08-01,5,22.1464348617174,82.1590242912044,8.21e-05
"1056",3550308,2024-08-01,6,22.8468927853539,82.870092836969,9.3e-05
"1057",3550308,2024-09-01,1,21.246630284805,65.0160065824648,2.45e-05
"1058",3550308,2024-09-01,2,20.5950018935773,78.4139048476128,6.3e-05
"1059",3550308,2024-09-01,3,21.3230440291023,81.0540448742415,6.86e-05
"1060",3550308,2024-09-01,4,22.3033751186949,81.9667354367118,8.13e-05
"1061",3550308,2024-09-01,5,23.0147791722476,83.6743987511759,0.0001059
"1062",3550308,2024-09-01,6,22.8751001103133,83.2723203644912,8.54e-05
"1063",3550308,2024-10-01,1,20.3971230642754,76.8000241968392,6.41e-05
"1064",3550308,2024-10-01,2,20.9319620134234,81.2294503673819,6.75e-05
"1065",3550308,2024-10-01,3,22.2328561862112,82.145701308353,7.85e-05
"1066",3550308,2024-10-01,4,22.936967638355,83.0750661203327,9.61e-05
"1067",3550308,2024-10-01,5,22.9912972621964,83.4487258982888,8.65e-05
"1068",3550308,2024-10-01,6,22.0518512209034,83.0615530976863,6.36e-05
"1069",3550308,2024-11-01,1,21.6717992636849,82.4858081538694,7.87e-05
"1070",3550308,2024-11-01,2,22.0716465682989,82.2196438771781,7.79e-05
"1071",3550308,2024-11-01,3,23.2389262956178,83.0963583629121,9.96e-05
"1072",3550308,2024-11-01,4,23.1676912902486,83.9315881844897,9.77e-05
"1073",3550308,2024-11-01,5,22.1437874168569,83.5568819421175,6.79e-05
"1074",3550308,2024-11-01,6,20.687947573449,81.4186909928323,3.83e-05
"1075",3550308,2024-12-01,1,22.6898217906401,83.7088338367478,9.63e-05
"1076",3550308,2024-12-01,2,23.177622648794,83.1774321895027,9.69e-05
"1077",3550308,2024-12-01,3,23.1454885239044,84.0385172600344,9.47e-05
"1078",3550308,2024-12-01,4,22.3230957907525,83.8452129710841,6.84e-05
"1079",3550308,2024-12-01,5,20.7727112080396,80.7463403985704,3.27e-05
"1080",3550308,2024-12-01,6,19.0423085754882,78.5473424940123,2.63e-05
"1081",3550308,2025-01-01,1,22.7975761521404,81.7119570721517,7.67e-05
"1082",3550308,2025-01-01,2,23.4704418184762,83.2736474921622,8.87e-05
"1083",3550308,2025-01-01,3,22.1040333187268,82.9469082405058,6.16e-05
"1084",3550308,2025-01-01,4,20.6320006092222,81.2674022539757,3.82e-05
"1085",3550308,2025-01-01,5,18.9548324795264,79.3517084295276,2.78e-05
"1086",3550308,2025-01-01,6,17.5997024136829,78.2945072372479,2.19e-05
"1087",3550308,2025-02-01,1,24.3701118982336,81.9183637590752,8.04e-05
"1088",3550308,2025-02-01,2,22.6012469214584,83.4689953876163,7.42e-05
"1089",3550308,2025-02-01,3,21.1068242796076,81.2847803795988,3.71e-05
"1090",3550308,2025-02-01,4,19.4859588531742,78.5642963794439,2.47e-05
"1091",3550308,2025-02-01,5,17.6987245215711,77.3122466705256,2.21e-05
"1092",3550308,2025-02-01,6,17.7880777954942,75.4165305889536,1.59e-05
"1093",3550308,2025-03-01,1,23.5789604111017,78.8038346580248,3.9e-05
"1094",3550308,2025-03-01,2,21.3443103964293,80.6122171222016,4.02e-05
"1095",3550308,2025-03-01,3,19.1299610773582,78.7286318490967,3.21e-05
"1096",3550308,2025-03-01,4,17.7115954139824,77.3960362271847,2.4e-05
"1097",3550308,2025-03-01,5,17.543531939115,75.5981944961919,1.82e-05
"1098",3550308,2025-03-01,6,18.5228909924159,73.3519707968863,2.3e-05
"1099",3550308,2025-04-01,1,20.5588509697131,80.5440779282261,5.16e-05
"1100",3550308,2025-04-01,2,19.6365632560544,77.7803516657436,2.57e-05
"1101",3550308,2025-04-01,3,18.1462379526813,76.9792976675112,2.87e-05
"1102",3550308,2025-04-01,4,17.881637042011,75.1542466645066,1.54e-05
"1103",3550308,2025-04-01,5,18.440056071648,73.2918744751236,2.39e-05
"1104",3550308,2025-04-01,6,19.6381305901155,74.9719725610748,4.27e-05
