date,enso,iod,pdo
1993-01-04,1.12037,-0.339384,0.816528
1993-01-11,1.212844,0.036703,1.069586
1993-01-17,1.147867,0.044273,0.671869
1993-01-24,1.001203,-0.160355,0.543553
1993-01-31,1.051898,-0.420325,1.431639
1993-02-08,1.116722,-0.249804,1.578989
1993-02-15,1.198372,-0.097645,1.311522
1993-02-22,1.142579,-0.05301,1.281248
1993-02-28,1.249196,0.159496,1.027716
1993-03-07,1.252224,0.010349,1.17309
1993-03-15,1.287072,-0.067957,1.406328
1993-03-22,1.214319,-0.281234,0.966424
1993-03-29,1.218677,-0.488349,0.849399
1993-04-04,1.360798,-0.159791,0.995313
1993-04-11,1.348408,-0.29684,0.957195
1993-04-18,1.344525,-0.392282,1.056013
1993-04-26,1.350604,-0.384468,1.014568
1993-05-03,1.254911,0.17953,0.935062
1993-05-10,1.295032,-0.031193,1.091852
1993-05-16,1.278204,0.001377,1.288789
1993-05-23,1.267318,-0.114592,1.254929
1993-05-30,1.137079,-0.187855,1.150543
1993-06-07,0.829772,-0.020699,0.88236
1993-06-14,0.848558,-0.091309,1.102323
1993-06-21,0.952185,0.197739,1.209915
1993-06-27,0.948873,0.5137,1.28297
1993-07-04,0.82218,0.408351,1.228197
1993-07-12,0.905691,0.340804,1.285216
1993-07-19,0.87815,0.293133,0.992178
1993-07-26,0.885558,-0.229609,1.059728
1993-08-01,0.704231,-0.955782,1.072421
1993-08-08,0.740849,-0.780307,1.241292
1993-08-15,0.890643,-0.570527,1.212584
1993-08-23,0.962823,-0.302919,1.128166
1993-08-30,0.918779,-0.217401,1.484308
1993-09-06,0.8592,-0.33991,1.495664
1993-09-12,0.782404,-0.438579,1.372305
1993-09-19,0.737446,-0.2752,1.252104
1993-09-26,0.711197,-0.325404,1.061624
1993-10-04,0.694754,-0.328332,1.463161
1993-10-11,0.727656,-0.500353,1.515928
1993-10-17,0.84742,-0.582138,1.669271
1993-10-24,0.803855,-0.512395,1.635171
1993-10-31,0.816131,0.013033,1.729331
1993-11-08,0.767603,-0.131058,1.650916
1993-11-15,0.832051,-0.321234,1.523481
1993-11-22,0.7606,-0.622518,1.173142
1993-11-28,0.702237,-0.814387,0.717794
1993-12-05,0.741061,-0.822434,0.512341
1993-12-12,0.720192,-0.940592,0.537458
1993-12-20,0.711463,-1.080507,0.930605
1993-12-27,0.659694,-1.06722,1.331025
1994-01-03,0.730112,-1.320816,1.379573
1994-01-09,0.709512,-0.984414,1.111197
1994-01-16,0.637372,-0.649522,1.168017
1994-01-24,0.488951,-0.586403,1.025545
1994-01-31,0.292896,-0.381483,1.032372
1994-02-07,0.338479,-0.688898,1.031495
1994-02-13,0.159673,-0.654637,0.630946
1994-02-20,0.010953,-0.543128,0.535378
1994-02-27,-0.064508,-0.602795,0.774967
1994-03-07,0.072348,-0.44364,0.986636
1994-03-14,0.066559,-0.387502,0.703289
1994-03-21,-0.026117,-0.46983,0.317533
1994-03-27,-0.027431,-0.715805,0.488183
1994-04-03,0.141095,-0.165192,0.634895
1994-04-10,0.199006,-0.239224,0.640951
1994-04-18,0.230697,-0.239991,0.528651
1994-04-25,0.284835,-0.134203,0.345881
1994-05-01,0.237941,0.49519,0.587888
1994-05-08,0.231979,0.614815,0.539671
1994-05-15,0.382661,0.755224,0.498548
1994-05-23,0.488554,0.771405,0.433707
1994-05-30,0.550164,0.912663,0.32271
1994-06-06,0.381451,1.136517,0.327476
1994-06-12,0.362283,1.163465,0.593639
1994-06-19,0.435701,0.982024,0.682164
1994-06-26,0.565639,0.903556,0.616311
1994-07-04,0.36603,0.599939,0.44041
1994-07-11,0.430038,0.864197,0.318286
1994-07-18,0.552449,1.219972,0.467596
1994-07-24,0.674738,1.598229,0.464716
1994-07-31,0.622446,1.2636,0.165159
1994-08-07,0.702176,1.193063,0.326607
1994-08-15,0.765671,1.205879,0.559749
1994-08-22,0.87636,1.442949,0.546702
1994-08-28,0.939936,1.629015,0.561399
1994-09-04,0.85026,1.584516,0.574035
1994-09-11,0.930415,1.60975,0.588408
1994-09-19,1.088646,1.576191,0.683141
1994-09-26,1.055878,1.436628,0.772062
1994-10-03,1.067029,1.400857,0.769111
1994-10-09,1.114716,1.417879,0.729063
1994-10-16,1.099741,1.498933,0.760548
1994-10-23,1.076184,1.516855,0.484835
1994-10-31,1.073999,1.613035,0.473176
1994-11-07,1.155351,2.147546,0.774915
1994-11-14,1.349666,2.011967,0.314989
1994-11-20,1.424665,1.741529,0.083761
1994-11-27,1.374659,1.256682,0.101097
1994-12-05,1.283454,1.027121,0.048049
1994-12-12,1.330145,0.942781,-0.315853
1994-12-19,1.470133,1.08617,-0.356412
1994-12-25,1.657191,1.391611,-0.189205
1995-01-01,1.815875,1.40864,-0.087786
1995-01-08,1.701209,1.362309,0.10917
1995-01-16,1.641632,1.348216,0.224877
1995-01-23,1.490868,1.074709,0.565731
1995-01-30,1.328156,0.663657,0.986473
1995-02-05,1.392667,0.099099,1.349276
1995-02-12,1.265294,0.435741,1.265655
1995-02-19,1.100046,0.553607,1.056158
1995-02-27,0.953106,0.568708,1.032758
1995-03-06,0.918769,0.650866,1.431867
1995-03-12,0.804251,0.557011,1.07014
1995-03-19,0.763106,0.43692,0.661136
1995-03-26,0.659178,0.330894,0.475266
1995-04-03,0.594882,0.707231,0.401964
1995-04-10,0.53824,0.334637,0.22512
1995-04-17,0.541606,0.144089,0.469115
1995-04-23,0.507915,0.049489,0.802908
1995-04-30,0.524524,0.544242,0.882898
1995-05-07,0.506736,0.370847,0.675536
1995-05-15,0.423431,-0.049526,0.739551
1995-05-22,0.54863,-0.237737,0.657063
1995-05-29,0.628829,-0.082757,0.721398
1995-06-04,0.404052,0.333539,0.568447
1995-06-11,0.416937,0.280618,0.413293
1995-06-19,0.407159,-0.005595,0.640799
1995-06-26,0.298926,-0.135213,0.754662
1995-07-03,0.1442,-0.385255,0.52136
1995-07-09,0.101743,-0.504272,0.585796
1995-07-16,0.009993,-0.384898,0.563837
1995-07-23,0.129395,-0.204559,0.496876
1995-07-31,0.082748,-0.093817,0.512758
1995-08-07,-0.161094,-0.626865,0.26209
1995-08-14,-0.219406,-0.566023,0.297117
1995-08-20,-0.256092,-0.339999,0.193218
1995-08-27,-0.313762,-0.208068,0.204528
1995-09-03,-0.356463,-0.247621,0.321041
1995-09-11,-0.312769,-0.075967,0.69743
1995-09-18,-0.283618,-0.078886,0.847186
1995-09-24,-0.318554,-0.103136,0.675096
1995-10-01,-0.304721,-0.012235,0.777234
1995-10-08,-0.325473,-0.211013,0.553317
1995-10-16,-0.342252,-0.313735,0.316766
1995-10-23,-0.451316,-0.319501,0.35297
1995-10-30,-0.46287,-0.532176,0.431558
1995-11-05,-0.425245,-0.464549,0.540895
1995-11-12,-0.477987,-0.834741,0.423018
1995-11-19,-0.503345,-1.316683,0.530707
1995-11-27,-0.526941,-1.513604,0.645558
1995-12-11,-0.628097,-1.047839,0.573368
1995-12-17,-0.499069,-0.597166,0.195697
1995-12-24,-0.473868,-0.341258,0.429977
1996-01-01,-0.341416,-0.274421,0.787172
1996-01-07,-0.31426,-0.04052,0.951884
1996-01-14,-0.319752,0.054588,0.823505
1996-01-21,-0.314011,-0.135006,0.458112
1996-01-28,-0.347453,0.018902,0.664415
1996-02-04,-0.266877,-0.219964,0.85319
1996-02-11,-0.343498,-0.2559,0.80253
1996-02-18,-0.321157,-0.181841,0.682467
1996-02-25,-0.380461,-0.217538,0.568725
1996-03-03,-0.229843,-0.235687,0.80833
1996-03-10,-0.243974,-0.196956,0.74666
1996-03-17,-0.221292,-0.182871,0.618374
1996-03-24,-0.344643,-0.102898,0.811895
1996-03-31,-0.279641,0.114294,0.806207
1996-04-07,-0.256389,-0.29222,0.706294
1996-04-14,-0.312154,-0.626177,0.382068
1996-04-21,-0.29261,-0.939199,0.350292
1996-04-28,-0.270262,-1.325424,0.936518
1996-05-05,-0.332187,-1.021565,1.296185
1996-05-12,-0.234517,-1.128978,1.354279
1996-05-19,-0.133904,-0.838561,1.167303
1996-05-26,-0.024579,-0.514715,1.201648
1996-06-02,-0.14498,-0.103081,0.975949
1996-06-09,-0.182881,-0.256361,0.838938
1996-06-16,-0.215055,-0.436357,0.804518
1996-06-23,-0.144351,-0.225749,0.775322
1996-06-30,-0.259293,-0.360734,0.786863
1996-07-07,-0.284053,-0.452092,0.722949
1996-07-14,-0.255717,-0.718058,0.774062
1996-07-21,-0.300651,-0.597409,0.880753
1996-07-28,-0.309585,-0.443874,0.979588
1996-08-04,-0.375637,-0.748696,1.019806
1996-08-11,-0.260935,-0.645098,0.782383
1996-08-18,-0.288439,-0.76975,0.735884
1996-08-25,-0.355341,-1.026535,0.847973
1996-09-01,-0.488987,-1.152621,0.818767
1996-09-08,-0.526478,-1.249918,0.696343
1996-09-15,-0.530087,-1.178461,0.94979
1996-09-22,-0.548741,-1.163545,1.176015
1996-09-29,-0.451212,-1.250065,1.163178
1996-10-06,-0.44401,-1.278538,1.128609
1996-10-13,-0.513211,-1.446257,0.894793
1996-10-20,-0.510703,-1.719336,0.624281
1996-10-27,-0.630478,-1.921495,0.725105
1996-11-03,-0.639938,-1.849698,1.050272
1996-11-10,-0.604174,-1.993842,1.006803
1996-11-17,-0.59403,-1.799932,1.036322
1996-11-24,-0.602001,-1.503132,0.780377
1996-12-01,-0.516546,-1.431331,0.423473
1996-12-08,-0.521962,-1.504922,0.423823
1996-12-15,-0.56699,-1.731894,0.876177
1996-12-22,-0.415567,-1.561712,1.506916
1996-12-29,-0.21561,-1.300351,1.61245
1997-01-05,0.012337,-1.344106,1.454705
1997-01-12,0.222854,-0.963103,1.336482
1997-01-20,0.317303,-0.595249,1.610926
1997-01-27,0.252722,-0.456358,1.742176
1997-02-03,0.337932,-0.837122,1.267307
1997-02-09,0.222071,-0.982301,1.215273
1997-02-16,0.0726,-1.302482,1.095326
1997-02-23,-0.004663,-1.398236,1.092455
1997-03-03,0.292788,-1.356582,1.016824
1997-03-10,0.475941,-1.242078,0.894286
1997-03-17,0.678047,-1.049478,0.993109
1997-03-23,0.79549,-0.55586,0.864412
1997-03-30,0.911419,-0.32119,0.859571
1997-04-07,1.087898,0.199991,0.914758
1997-04-14,1.14801,0.282411,0.94098
1997-04-21,1.238481,0.131415,0.989547
1997-04-27,1.341405,-0.070451,1.121591
1997-05-04,1.403787,0.344528,1.413046
1997-05-11,1.500853,-0.213679,1.642526
1997-05-19,1.582121,-0.785768,1.840133
1997-05-26,1.640905,-1.118468,1.843097
1997-06-02,1.552439,-0.933013,1.447039
1997-06-08,1.705471,-0.489211,1.499667
1997-06-15,1.744915,-0.070086,1.333532
1997-06-22,1.868505,0.422178,1.180992
1997-06-30,2.053277,0.976188,1.305326
1997-07-07,1.908695,1.009653,1.376864
1997-07-13,1.930531,1.043972,1.518372
1997-07-20,2.02271,1.064769,1.573554
1997-07-27,2.114625,0.794596,1.495248
1997-08-04,2.151983,0.254648,1.522955
1997-08-11,2.342978,0.406503,1.679355
1997-08-18,2.497315,0.744,1.605137
1997-08-24,2.600858,0.748735,1.500945
1997-08-31,2.677789,0.70739,1.576133
1997-09-07,2.76085,0.783695,1.750896
1997-09-15,2.90577,0.930693,1.854547
1997-09-22,2.957678,1.057116,1.769617
1997-09-29,3.029172,1.369767,1.929921
1997-10-05,3.105771,1.945272,1.71329
1997-10-12,3.198867,2.153207,1.810833
1997-10-19,3.220213,2.469895,1.855319
1997-10-27,3.230082,2.529025,1.398615
1997-11-03,3.40248,3.069673,1.734365
1997-11-09,3.378386,3.208716,1.508893
1997-11-16,3.40326,3.367483,1.12383
1997-11-23,3.31329,3.604127,1.03805
1997-12-01,3.272617,3.796761,0.916407
1997-12-08,3.274315,3.948687,1.078622
1997-12-15,3.282396,4.039791,1.125286
1997-12-21,3.147514,4.021252,1.148268
1997-12-28,2.993136,3.865265,1.32359
1998-01-04,2.928756,3.324924,1.617255
1998-01-12,2.818883,3.175237,1.229586
1998-01-19,2.695415,3.055263,1.244823
1998-01-26,2.62053,2.928525,1.65936
1998-02-01,2.6843,2.570955,1.805667
1998-02-08,2.518185,2.542038,1.67048
1998-02-16,2.228997,2.626077,1.313671
1998-02-23,2.023844,2.556669,1.214814
1998-03-02,2.02922,2.468337,1.41289
1998-03-08,1.865012,2.486144,1.596126
1998-03-15,1.784811,2.367294,1.553021
1998-03-22,1.656466,2.218156,1.333496
1998-03-30,1.52491,2.078248,0.916768
1998-04-06,1.46959,2.351608,0.610701
1998-04-13,1.296947,1.928899,0.496978
1998-04-19,1.212127,1.546755,0.633343
1998-04-26,1.151897,1.175948,1.036104
1998-05-03,1.022826,1.71952,0.924758
1998-05-11,0.853394,1.385306,0.784318
1998-05-18,0.67062,0.618419,0.546161
1998-05-24,0.539135,-0.270804,0.445199
1998-05-31,0.228536,-0.705175,0.62042
1998-06-07,0.137163,-0.628643,0.690406
1998-06-15,0.081994,-0.467449,0.485951
1998-06-22,0.090521,-0.349818,0.519987
1998-06-29,0.017312,-0.060557,0.517083
1998-07-05,-0.248079,-0.142387,0.316833
1998-07-12,-0.283012,-0.16591,0.32845
1998-07-19,-0.310649,-0.357621,0.544899
1998-07-27,-0.282776,-0.457968,0.440145
1998-08-03,-0.416656,-1.056923,0.496215
1998-08-10,-0.421411,-1.03725,0.691979
1998-08-16,-0.517894,-0.812959,0.545646
1998-08-23,-0.584025,-0.778898,0.606771
1998-08-31,-0.543559,-0.664452,0.535367
1998-09-07,-0.556638,-0.850014,0.477253
1998-09-14,-0.657549,-0.670871,0.553405
1998-09-20,-0.731947,-0.774401,0.377075
1998-09-27,-0.811835,-1.297488,0.262538
1998-10-04,-0.831447,-1.598274,0.352978
1998-10-12,-0.917527,-1.670715,0.181038
1998-10-19,-0.944818,-1.505119,0.277503
1998-10-26,-1.003802,-1.521469,0.225153
1998-11-01,-1.032266,-1.496681,0.18166
1998-11-08,-1.082707,-1.93792,0.113429
1998-11-15,-1.1142,-2.209228,-0.038123
1998-11-23,-1.109572,-2.251411,-0.492612
1998-11-30,-1.099434,-2.129899,-0.608062
1998-12-06,-1.031182,-1.977351,-0.655381
1998-12-13,-1.048311,-1.862328,-0.39705
1998-12-20,-0.979749,-1.809441,0.030795
1998-12-28,-0.988958,-1.915602,-0.156222
1999-01-04,-0.970943,-2.132464,-0.101891
1999-01-11,-1.048649,-1.863697,-0.079194
1999-01-17,-1.156854,-1.734012,-0.366479
1999-01-24,-1.219747,-1.861916,-0.747355
1999-01-31,-1.177727,-2.274438,-0.99867
1999-02-08,-1.300279,-2.360124,-1.157835
1999-02-15,-1.282581,-2.135319,-1.002616
1999-02-22,-1.213705,-1.930646,-1.1067
1999-02-28,-1.025131,-1.86713,-0.867039
1999-03-07,-1.020368,-1.715757,-0.930267
1999-03-15,-1.080191,-1.692654,-1.317201
1999-03-22,-1.133118,-1.881135,-1.5513
1999-03-29,-1.172053,-2.290902,-1.312373
1999-04-04,-1.068424,-1.971421,-1.140147
1999-04-11,-1.149063,-2.215592,-1.306271
1999-04-18,-1.160683,-2.523397,-1.219972
1999-04-26,-1.09324,-2.534435,-1.182937
1999-05-03,-1.073844,-1.826068,-1.157954
1999-05-10,-1.015568,-1.598654,-1.158984
1999-05-16,-0.921537,-1.391813,-1.090705
1999-05-23,-0.917227,-1.356937,-1.047245
1999-05-30,-0.856502,-1.233111,-0.892406
1999-06-07,-0.897753,-0.861235,-1.165717
1999-06-14,-0.832574,-0.75251,-1.261409
1999-06-21,-0.760649,-0.403592,-1.168893
1999-06-27,-0.676435,0.065693,-1.058471
1999-07-04,-0.788863,-0.183147,-1.209394
1999-07-12,-0.796573,-0.165115,-1.374361
1999-07-19,-0.824054,-0.295884,-1.316868
1999-07-26,-0.780511,-0.489026,-1.266179
1999-08-01,-0.89152,-1.018069,-1.406786
1999-08-08,-0.858557,-0.82704,-1.273746
1999-08-15,-0.781743,-0.670685,-1.093755
1999-08-23,-0.758133,-0.508441,-1.269116
1999-08-30,-0.793344,-0.464501,-1.356453
1999-09-06,-0.891597,-0.648017,-1.389815
1999-09-12,-0.91217,-0.478061,-1.413789
1999-09-19,-0.858097,-0.524531,-1.381228
1999-09-26,-0.803522,-0.588997,-1.21439
1999-10-04,-0.862083,-0.494236,-1.096867
1999-10-11,-0.882562,-0.543023,-0.982836
1999-10-17,-0.985279,-0.809375,-1.125247
1999-10-24,-1.109208,-1.119921,-1.212651
1999-10-31,-1.108033,-0.935717,-1.359343
1999-11-08,-1.141852,-1.109659,-1.530071
1999-11-15,-1.125636,-1.134057,-1.431413
1999-11-22,-1.130354,-0.982772,-1.377447
1999-11-28,-1.176491,-0.684809,-1.764984
1999-12-05,-1.174878,-0.612274,-1.873804
1999-12-12,-1.225245,-0.890228,-1.491515
1999-12-20,-1.312096,-1.012341,-1.21409
1999-12-27,-1.327564,-1.042789,-1.174759
2000-01-02,-1.283025,-1.259419,-1.557349
2000-01-09,-1.329768,-1.195973,-1.850792
2000-01-16,-1.331679,-0.937081,-1.799564
2000-01-23,-1.346703,-0.740165,-1.720153
2000-01-30,-1.310134,-0.778371,-1.584541
2000-02-06,-1.146502,-1.21406,-1.444765
2000-02-13,-1.188071,-1.385067,-1.741738
2000-02-20,-1.341855,-1.651054,-1.988639
2000-02-27,-1.429711,-1.674809,-2.111425
2000-03-05,-1.294722,-1.942497,-1.87607
2000-03-12,-1.319508,-2.10247,-1.807251
2000-03-19,-1.325416,-2.176995,-1.816678
2000-03-26,-1.296792,-2.190716,-1.712086
2000-04-02,-1.125962,-1.567623,-1.478561
2000-04-09,-1.107338,-1.542794,-1.61052
2000-04-16,-1.226584,-1.865094,-1.78902
2000-04-23,-1.161262,-2.261764,-2.009182
2000-04-30,-1.207804,-1.88763,-1.871981
2000-05-07,-1.138659,-1.940884,-1.756559
2000-05-14,-1.055914,-1.807317,-1.807785
2000-05-21,-0.952752,-1.433607,-1.687986
2000-05-28,-0.885227,-1.257269,-1.667473
2000-06-04,-0.986759,-1.109829,-1.655997
2000-06-11,-0.934851,-1.007181,-1.655573
2000-06-18,-0.814472,-0.997564,-1.334057
2000-06-25,-0.771049,-1.102998,-1.293838
2000-07-02,-0.97762,-1.517347,-1.630981
2000-07-09,-0.895986,-1.688881,-1.587921
2000-07-16,-0.757519,-1.526699,-1.544193
2000-07-23,-0.591288,-1.169424,-1.467662
2000-07-30,-0.492071,-0.961731,-1.497479
2000-08-06,-0.641302,-1.551187,-1.426357
2000-08-13,-0.585788,-1.561738,-1.514411
2000-08-20,-0.619087,-1.741615,-1.778577
2000-08-27,-0.641309,-1.801489,-1.577144
2000-09-03,-0.49657,-1.838164,-1.306415
2000-09-10,-0.431467,-1.532302,-1.191895
2000-09-17,-0.476201,-1.089476,-1.355499
2000-09-24,-0.539192,-0.877535,-1.279037
2000-10-01,-0.576199,-0.707508,-1.154377
2000-10-08,-0.643037,-0.693145,-1.355061
2000-10-15,-0.664316,-0.839774,-1.464924
2000-10-22,-0.641974,-1.217141,-1.719282
2000-10-29,-0.62498,-1.267728,-1.700069
2000-11-05,-0.633099,-0.992558,-1.597636
2000-11-12,-0.691618,-0.956023,-1.586715
2000-11-19,-0.737565,-1.032654,-1.941442
2000-11-26,-0.823775,-1.22456,-1.773069
2000-12-03,-0.85218,-1.30102,-1.368061
2000-12-10,-0.85143,-1.249762,-1.578807
2000-12-17,-0.800565,-1.193961,-1.666454
2000-12-24,-0.771551,-1.131495,-1.633897
2001-01-01,-0.783379,-1.55877,-1.174754
2001-01-08,-0.797109,-1.495708,-1.1501
2001-01-15,-0.839187,-1.281995,-1.422229
2001-01-21,-0.869398,-1.065222,-1.611391
2001-01-28,-1.055081,-1.147641,-1.636626
2001-02-04,-1.090518,-1.558569,-1.636346
2001-02-12,-1.093352,-1.629081,-1.610629
2001-02-19,-1.084864,-1.734874,-1.638713
2001-02-26,-1.100123,-1.659867,-1.562023
2001-03-04,-0.795718,-1.515254,-1.42578
2001-03-11,-0.815132,-1.521562,-1.47561
2001-03-18,-0.802728,-1.328872,-1.466879
2001-03-26,-0.806135,-1.054653,-1.342348
2001-04-02,-0.674931,-0.615145,-1.619926
2001-04-09,-0.689241,-0.84201,-1.716786
2001-04-15,-0.721026,-0.942218,-1.86931
2001-04-22,-0.77041,-1.054205,-1.977519
2001-04-30,-0.744136,-1.242261,-1.891193
2001-05-07,-0.706647,-0.950283,-1.514542
2001-05-14,-0.63733,-0.992025,-1.428322
2001-05-20,-0.468387,-0.973384,-1.242857
2001-05-27,-0.411063,-0.891143,-1.185151
2001-06-03,-0.565831,-0.683156,-1.382968
2001-06-11,-0.486857,-0.75471,-1.500899
2001-06-18,-0.451,-0.702687,-1.432031
2001-06-25,-0.332262,-0.581062,-1.353184
2001-07-01,-0.44674,-0.979049,-1.47683
2001-07-08,-0.30912,-0.856081,-1.265734
2001-07-15,-0.178157,-0.619122,-1.247125
2001-07-23,-0.008542,-0.471313,-1.282493
2001-07-30,-0.067131,-0.590711,-1.399432
2001-08-05,-0.245817,-1.287705,-1.575064
2001-08-12,-0.260893,-1.330815,-1.592157
2001-08-19,-0.224464,-1.223008,-1.496147
2001-08-27,-0.146303,-0.967562,-1.408213
2001-09-03,-0.153181,-1.064131,-1.10921
2001-09-10,-0.133827,-0.899548,-0.882831
2001-09-16,-0.144071,-0.871888,-1.042483
2001-09-23,-0.200031,-0.879427,-1.05959
2001-09-30,-0.251228,-0.69538,-0.992124
2001-10-08,-0.265043,-1.066631,-1.242041
2001-10-15,-0.253236,-1.322206,-1.163097
2001-10-22,-0.22383,-1.223489,-1.306801
2001-10-28,-0.223571,-1.162137,-1.536777
2001-11-04,-0.159361,-0.886021,-1.493432
2001-11-12,-0.222026,-0.981762,-1.485329
2001-11-19,-0.301851,-1.300459,-1.205398
2001-11-26,-0.34691,-1.65991,-1.222035
2001-12-02,-0.29633,-1.620199,-1.33455
2001-12-16,0.116498,-0.994468,-1.796374
2001-12-24,0.2062,-0.772802,-1.59421
2001-12-31,0.359475,-0.360252,-0.888327
2002-01-07,0.449134,-0.163602,-0.667031
2002-01-13,0.471394,0.305382,-0.852792
2002-01-20,0.421535,0.263837,-1.33357
2002-01-27,0.341387,-0.024972,-1.714802
2002-02-04,0.40588,-0.653343,-1.519309
2002-02-11,0.302532,-0.829477,-1.197822
2002-02-17,0.264487,-0.631757,-1.037662
2002-02-24,0.238499,-0.539747,-1.081264
2002-03-03,0.419405,-0.410563,-0.830783
2002-03-11,0.327247,-0.163293,-1.158936
2002-03-18,0.262389,0.055634,-1.268861
2002-03-25,0.215278,0.038434,-0.961816
2002-03-31,0.230611,0.30349,-0.594247
2002-04-07,0.216479,0.016146,-0.810236
2002-04-14,0.19211,-0.332508,-0.773465
2002-04-22,0.185649,-0.391578,-0.670484
2002-04-29,0.1575,-0.448535,-0.70806
2002-05-06,0.059995,-0.31339,-0.74545
2002-05-12,0.08885,-0.84999,-0.742152
2002-05-19,0.149838,-1.04945,-0.696095
2002-05-27,0.297117,-1.240063,-0.687286
2002-06-03,0.240587,-0.850997,-0.668454
2002-06-10,0.229546,-0.730038,-0.791077
2002-06-16,0.193213,-0.660204,-0.81095
2002-06-23,0.179891,-0.819575,-0.717172
2002-06-30,0.033704,-1.059005,-0.800722
2002-07-08,0.197836,-1.081773,-0.638632
2002-07-15,0.394394,-1.020256,-0.597233
2002-07-22,0.610068,-1.017902,-0.508497
2002-07-28,0.733226,-0.818375,-0.395509
2002-08-04,0.650906,-1.109448,-0.557425
2002-08-11,0.726109,-1.025488,-0.583216
2002-08-19,0.852627,-0.754594,-0.410011
2002-08-26,0.918869,-0.554579,-0.405805
2002-09-02,1.030229,-0.634006,-0.324873
2002-09-08,1.144688,-0.675077,-0.2466
2002-09-15,1.309509,-0.458719,-0.270873
2002-09-23,1.375346,-0.129182,-0.117177
2002-09-30,1.406449,-0.194274,-0.221076
2002-10-07,1.542756,0.002851,-0.230202
2002-10-13,1.707804,-0.120968,-0.167728
2002-10-20,1.860126,-0.203298,0.085326
2002-10-27,1.884794,-0.195218,0.1884
2002-11-04,1.936842,0.186072,-0.035369
2002-11-11,1.836166,0.360555,-0.21684
2002-11-18,1.72275,0.289961,0.079343
2002-11-24,1.703804,0.045226,0.60267
2002-12-01,1.634282,-0.102992,0.885387
2002-12-08,1.709809,0.014167,0.43992
2002-12-16,1.723569,0.40037,-0.20318
2002-12-23,1.606394,0.650804,-0.354589
2002-12-29,1.438049,0.406993,0.006067
2003-01-05,1.338513,-0.147929,0.556558
2003-01-12,1.264463,0.06875,0.878282
2003-01-20,1.163903,0.416816,1.0732
2003-01-27,1.171892,0.631262,1.161822
2003-02-03,1.163522,0.356794,1.417196
2003-02-09,1.07306,0.311941,1.275974
2003-02-16,1.007221,0.364767,0.687199
2003-02-23,0.870604,0.35011,0.475308
2003-03-03,0.925833,0.220662,0.885615
2003-03-10,0.860793,0.109522,0.570873
2003-03-17,0.689161,0.215794,0.31809
2003-03-23,0.526314,0.396023,0.466374
2003-03-30,0.398,0.383835,0.605273
2003-04-07,0.478941,0.886609,0.475466
2003-04-14,0.437646,0.59713,0.344863
2003-04-21,0.466736,0.341915,0.306905
2003-04-27,0.360894,0.150617,0.419772
2003-05-04,0.279227,0.273418,0.47267
2003-05-11,0.182236,-0.418937,0.392905
2003-05-19,0.080337,-0.806272,0.56847
2003-05-26,0.17292,-0.853333,0.522679
2003-06-02,0.098465,-0.321566,0.627561
2003-06-08,0.284512,0.274864,0.919556
2003-06-15,0.43091,0.638542,0.682537
2003-06-22,0.496612,0.940499,0.555788
2003-06-30,0.510263,0.901015,0.723822
2003-07-07,0.383146,0.527614,0.624312
2003-07-13,0.409082,0.535891,0.612148
2003-07-20,0.413686,0.68903,0.755378
2003-07-27,0.484937,0.604076,0.98816
2003-08-04,0.42954,0.133499,1.057022
2003-08-11,0.485847,0.079227,1.01161
2003-08-18,0.445263,-0.166756,0.716225
2003-08-24,0.408909,-0.263877,0.791114
2003-08-31,0.373947,-0.513191,0.94059
2003-09-07,0.306558,-0.301675,0.692793
2003-09-15,0.277986,-0.130489,0.791664
2003-09-22,0.295972,-0.131552,0.823048
2003-09-29,0.346617,-0.1556,0.998397
2003-10-05,0.373785,-0.346733,0.941044
2003-10-12,0.319653,-0.651447,0.937079
2003-10-19,0.379984,-0.832659,1.097905
2003-10-27,0.404753,-0.79804,1.448462
2003-11-03,0.444932,-0.508862,1.17677
2003-11-09,0.523566,-0.480616,0.734866
2003-11-16,0.609033,-0.604982,0.560073
2003-12-01,0.649454,-0.951372,0.178541
2003-12-08,0.500239,-0.89689,-0.009952
2003-12-15,0.34614,-0.746417,0.289109
2003-12-21,0.328976,-0.539198,0.572016
2003-12-28,0.365821,-0.326143,0.693522
2004-01-04,0.558582,-0.408948,0.990373
2004-01-11,0.720198,0.070002,1.309541
2004-01-18,0.803595,0.480292,1.263438
2004-01-25,0.676843,0.720901,0.832905
2004-02-01,0.609995,0.560304,0.484722
2004-02-08,0.438524,0.534011,0.642435
2004-02-15,0.442473,0.430632,0.882331
2004-02-22,0.349096,0.47422,0.865787
2004-02-29,0.465208,0.329324,0.704779
2004-03-07,0.411055,-0.001935,0.727369
2004-03-14,0.252206,-0.311011,0.748772
2004-03-21,0.185288,-0.441501,0.524569
2004-03-28,0.125141,-0.598443,0.331276
2004-04-04,0.342899,-0.110052,0.581529
2004-04-11,0.465876,0.003181,0.594906
2004-04-18,0.463691,-0.088303,0.41731
2004-04-25,0.510797,-0.261949,0.716954
2004-05-02,0.404339,-0.064587,1.05668
2004-05-09,0.386427,-0.742712,1.11434
2004-05-16,0.378078,-1.136517,1.006666
2004-05-23,0.399269,-1.447563,1.140215
2004-05-30,0.362416,-1.508281,1.140965
2004-06-06,0.225061,-1.183557,0.864592
2004-06-13,0.288973,-1.133072,0.949313
2004-06-20,0.41037,-0.911133,0.843903
2004-06-27,0.565906,-0.785993,0.748157
2004-07-04,0.453335,-1.07607,0.67185
2004-07-11,0.583139,-0.956015,0.80632
2004-07-18,0.781209,-0.717971,0.890504
2004-07-25,0.772589,-0.478876,0.990825
2004-08-01,0.644696,-0.90318,0.782784
2004-08-08,0.601839,-0.655252,0.662019
2004-08-15,0.628026,-0.397685,0.847719
2004-08-22,0.676482,-0.154575,0.873528
2004-08-29,0.790168,-0.11836,1.10132
2004-09-05,0.815233,-0.610588,1.039795
2004-09-12,0.847812,-0.588492,0.630144
2004-09-19,0.825955,-0.364613,0.478797
2004-09-26,0.666319,-0.434393,0.556344
2004-10-03,0.600757,-0.354674,0.754661
2004-10-10,0.608933,-0.442723,0.802097
2004-10-17,0.685676,-0.369477,1.034501
2004-10-24,0.73076,-0.331443,0.654963
2004-10-31,0.851368,-0.080206,0.382714
2004-11-07,0.82388,-0.307688,0.617257
2004-11-14,0.746451,-0.473055,0.53823
2004-11-21,0.73279,-0.359905,0.291985
2004-11-28,0.680483,-0.341386,0.123125
2004-12-05,0.722439,-0.122698,-0.20385
2004-12-12,0.790235,-0.062302,0.021407
2004-12-19,0.784231,0.146518,0.624183
2004-12-26,0.806681,0.331728,0.701663
2005-01-03,0.875124,-0.079161,0.973905
2005-01-09,0.810535,-0.215911,1.197515
2005-01-16,0.754712,-0.299718,1.022163
2005-01-24,0.665666,-0.209371,1.055109
2005-01-31,0.598922,-0.03054,0.921769
2005-02-07,0.760699,-0.057727,0.804213
2005-02-13,0.931182,0.089991,0.915514
2005-02-20,0.972301,0.295301,0.829292
2005-02-27,0.879824,0.471445,0.586835
2005-03-07,1.070179,0.791187,1.038741
2005-03-14,1.070594,0.973478,1.487757
2005-03-21,0.949991,0.859858,1.262699
2005-03-27,0.816936,0.695176,0.707483
2005-04-03,0.714103,0.706523,0.588938
2005-04-10,0.627149,0.297517,0.516094
2005-04-18,0.646286,0.219521,0.797383
2005-04-25,0.673009,0.116256,1.150963
2005-05-01,0.59303,0.595132,1.185567
2005-05-08,0.475938,0.372061,0.888477
2005-05-15,0.326469,0.030428,0.703192
2005-05-23,0.390199,-0.239324,0.869126
2005-05-30,0.385267,-0.250521,0.824761
2005-06-06,0.235055,-0.075088,0.638436
2005-06-12,0.29349,-0.266654,0.413873
2005-06-19,0.245091,-0.45444,0.624411
2005-06-26,0.236842,-0.533968,0.8921
2005-07-04,0.090628,-0.48272,0.753662
2005-07-11,0.079717,-0.259611,0.769654
2005-07-18,0.034972,-0.249201,0.991648
2005-07-24,0.12627,-0.219069,0.971655
2005-07-31,-0.036984,-0.386319,0.772552
2005-08-07,-0.043987,-0.16086,0.854363
2005-08-15,0.097929,-0.020205,0.895886
2005-08-22,0.208704,0.16645,1.10105
2005-08-28,0.195801,0.004125,1.124605
2005-09-04,0.076971,-0.464812,0.856109
2005-09-11,-0.020365,-0.839137,1.082409
2005-09-19,-0.071047,-0.758734,1.148091
2005-10-03,-0.008539,-0.386859,0.524249
2005-10-09,0.027772,-0.448382,0.435158
2005-10-16,-0.031372,-0.787089,0.486011
2005-10-23,-0.002459,-1.241172,0.537097
2005-10-31,-0.181192,-1.537529,0.340463
2005-11-07,-0.23619,-1.55277,0.436075
2005-11-14,-0.243615,-1.571543,0.733468
2005-11-20,-0.283997,-1.40898,0.725654
2005-11-27,-0.357485,-1.239623,0.690206
2005-12-05,-0.40219,-1.197823,0.64929
2005-12-12,-0.389937,-1.334326,0.492536
2005-12-19,-0.472129,-1.538077,0.651962
2005-12-25,-0.502054,-1.434092,0.760288
2006-01-01,-0.44408,-1.563608,0.696499
2006-01-08,-0.516323,-1.198538,0.529659
2006-01-16,-0.73886,-0.934381,0.418511
2006-01-23,-0.849578,-0.743456,0.129335
2006-01-30,-0.927269,-0.70983,0.240318
2006-02-05,-0.781166,-0.842595,0.418097
2006-02-12,-0.793364,-0.598023,0.341616
2006-02-19,-0.831533,-0.374554,-0.026355
2006-02-27,-0.920184,-0.535969,-0.345269
2006-03-06,-0.831242,-0.397155,-0.320129
2006-03-12,-0.802177,-0.318062,-0.26071
2006-03-19,-0.744398,-0.567852,-0.203603
2006-03-26,-0.731882,-0.753653,-0.018306
2006-04-03,-0.592814,-0.417023,-0.264287
2006-04-10,-0.61006,-0.466846,-0.312826
2006-04-17,-0.652011,-0.693508,-0.540854
2006-04-23,-0.613484,-0.831288,-0.380531
2006-04-30,-0.642032,-0.312153,-0.102322
2006-05-07,-0.499313,-0.427724,-0.025016
2006-05-15,-0.33794,-0.582703,-0.048364
2006-05-22,-0.29662,-0.364672,-0.239606
2006-05-29,-0.164575,-0.245769,-0.263398
2006-06-04,-0.273022,0.136939,-0.125595
2006-06-11,-0.227908,0.293199,-0.240288
2006-06-19,-0.140378,0.505271,-0.376232
2006-06-26,-0.015759,0.488135,-0.100562
2006-07-03,-0.15083,0.107659,0.001282
2006-07-09,0.025528,0.17061,-0.012718
2006-07-16,0.234753,0.14938,-0.05567
2006-07-23,0.301556,0.076898,0.069941
2006-07-31,0.455265,0.13871,0.088525
2006-08-07,0.444711,-0.076665,-0.122715
2006-08-14,0.431284,0.379196,-0.11188
2006-08-20,0.49425,0.651396,-0.421176
2006-08-27,0.637413,0.975283,-0.361373
2006-09-03,0.72356,0.836121,-0.208511
2006-09-11,0.678607,0.60436,-0.281312
2006-09-18,0.638813,0.564381,-0.189778
2006-09-24,0.580402,0.555515,-0.051207
2006-10-01,0.654127,0.683747,0.199477
2006-10-08,0.656228,0.821316,0.3788
2006-10-16,0.738651,1.044408,0.115952
2006-10-23,0.811174,1.356993,-0.041202
2006-10-30,0.901957,1.328493,0.148645
2006-11-19,0.942233,2.136066,-0.11624
2006-11-27,0.953125,2.151041,-0.23645
2006-12-04,0.95806,2.215066,-0.385046
2006-12-11,0.931587,2.23365,-0.405751
2006-12-17,0.872408,2.214932,-0.366746
2006-12-24,0.824221,2.215661,-0.298695
2007-01-01,0.662973,1.645262,-0.228041
2007-01-08,0.517975,1.343453,-0.22065
2007-01-15,0.459613,1.388657,-0.525655
2007-01-21,0.419257,1.505501,-0.299269
2007-01-28,0.322372,1.502656,0.31677
2007-02-04,0.392651,1.226167,0.446496
2007-02-12,0.268294,1.277581,-0.123538
2007-02-19,0.134126,1.164778,-0.682714
2007-02-26,0.023927,1.101974,-0.91659
2007-03-04,0.027722,1.124768,-0.316857
2007-03-11,0.000852,1.01811,0.196978
2007-03-18,-0.055605,1.140646,-0.140708
2007-03-26,-0.144011,1.044146,-0.330704
2007-04-02,-0.078184,1.126724,-0.068302
2007-04-09,-0.073961,0.706715,-0.249711
2007-04-15,-0.143724,0.223306,-0.344739
2007-04-22,-0.267213,-0.120009,-0.574674
2007-04-30,-0.262309,-0.287341,-0.253591
2007-05-07,-0.336505,0.03902,-0.216186
2007-05-14,-0.33002,-0.007235,-0.25849
2007-05-20,-0.309126,0.042271,-0.178414
2007-05-27,-0.23254,0.253469,-0.145241
2007-06-03,-0.393152,0.90032,-0.33897
2007-06-11,-0.406521,1.158437,-0.510733
2007-06-18,-0.357909,1.103319,-0.41844
2007-06-25,-0.446219,0.87444,-0.482082
2007-07-01,-0.62617,0.468086,-0.440083
2007-07-08,-0.527875,0.396106,-0.024493
2007-07-15,-0.486896,0.529603,-0.142338
2007-07-23,-0.462503,0.513001,-0.352709
2007-07-30,-0.439407,0.185383,-0.204108
2007-08-05,-0.549176,-0.331947,-0.234887
2007-08-12,-0.609533,-0.114891,-0.404415
2007-08-19,-0.684208,0.157316,-0.398978
2007-08-27,-0.637641,0.387341,-0.253118
2007-09-03,-0.644469,0.342113,-0.267413
2007-09-10,-0.754895,0.486307,-0.095712
2007-09-16,-0.838026,0.445714,-0.293696
2007-09-23,-0.881874,0.482013,-0.407109
2007-09-30,-0.861013,0.935448,-0.498588
2007-10-08,-0.914505,0.830194,-0.703818
2007-10-15,-0.905972,0.7154,-0.988955
2007-10-22,-0.92158,0.445513,-0.842193
2007-10-28,-1.073387,0.095958,-0.799535
2007-11-04,-1.198931,0.079482,-0.822967
2007-11-12,-1.240327,-0.21053,-0.720301
2007-11-19,-1.276491,-0.340149,-0.634016
2007-11-26,-1.245777,-0.315557,-0.25779
2007-12-02,-1.089763,-0.240934,-0.09999
2007-12-09,-1.037852,-0.054947,-0.370218
2007-12-16,-1.129445,-0.364537,-0.813376
2007-12-24,-1.274132,-0.734717,-0.982717
2007-12-31,-1.401797,-0.920652,-0.975928
2008-01-06,-1.45792,-1.11552,-0.722405
2008-01-13,-1.450614,-0.782115,-0.295104
2008-01-20,-1.373058,-0.50868,-0.338415
2008-01-27,-1.403823,-0.219304,-0.952132
2008-02-03,-1.352545,-0.852221,-1.408346
2008-02-10,-1.495813,-1.345395,-1.375189
2008-02-17,-1.522059,-1.327981,-0.909783
2008-02-24,-1.591174,-1.291798,-0.700344
2008-03-02,-1.399175,-1.230514,-0.877498
2008-03-09,-1.506456,-1.359665,-1.135206
2008-03-16,-1.488087,-1.4667,-1.491969
2008-03-23,-1.447576,-1.912538,-1.378668
2008-03-30,-1.407322,-2.037418,-1.064889
2008-04-06,-1.279388,-1.700088,-1.113843
2008-04-13,-1.242378,-1.774266,-1.139868
2008-04-20,-1.084486,-1.70244,-0.991491
2008-04-27,-1.052756,-1.986819,-1.088634
2008-05-04,-1.015638,-1.165269,-1.306159
2008-05-11,-0.879177,-0.682819,-0.970778
2008-05-18,-0.765711,-0.443951,-0.830354
2008-05-25,-0.686998,0.021866,-0.709049
2008-06-01,-0.728894,0.600612,-0.805726
2008-06-08,-0.659031,0.743847,-0.886813
2008-06-15,-0.584727,0.812978,-0.908369
2008-06-22,-0.508819,0.732229,-0.802822
2008-06-29,-0.436875,0.788574,-0.759101
2008-07-06,-0.601606,0.717236,-0.792356
2008-07-13,-0.531902,0.825928,-0.629179
2008-07-20,-0.449024,0.511586,-0.623419
2008-07-27,-0.498702,0.344978,-0.766609
2008-08-03,-0.615766,-0.41467,-0.853101
2008-08-10,-0.565313,-0.357471,-0.780192
2008-08-17,-0.567407,-0.043184,-0.878519
2008-08-24,-0.658597,0.083993,-1.052577
2008-08-31,-0.674259,-0.244474,-0.888378
2008-09-07,-0.701307,-0.437141,-0.945445
2008-09-14,-0.732401,-0.539209,-0.935822
2008-09-21,-0.729247,-0.357933,-0.89296
2008-09-28,-0.743994,-0.192389,-0.85759
2008-10-05,-0.63209,0.02411,-0.955067
2008-10-12,-0.708493,-0.055845,-0.946932
2008-10-19,-0.804628,-0.373264,-1.084601
2008-10-26,-0.945952,-0.631678,-1.08765
2008-11-02,-0.94771,-0.467639,-1.137714
2008-11-09,-1.005471,-0.517116,-1.247675
2008-11-16,-1.039342,-0.631572,-1.196961
2008-11-23,-1.145227,-0.975286,-1.264993
2008-11-30,-1.193889,-0.872649,-0.676378
2008-12-07,-1.30621,-0.940932,-0.526332
2008-12-14,-1.324908,-0.89466,-0.697054
2008-12-21,-1.34933,-0.62658,-0.857621
2008-12-28,-1.353638,-0.479922,-1.236537
2009-01-04,-1.249312,-0.764632,-1.361769
2009-01-12,-1.24183,-0.399456,-0.998192
2009-01-19,-1.267023,-0.067865,-0.651262
2009-01-26,-1.255353,0.17669,-0.902813
2009-02-01,-1.208359,0.011913,-1.419734
2009-02-08,-1.296503,0.058359,-1.493146
2009-02-16,-1.281796,0.020363,-1.407054
2009-02-23,-1.28139,0.021726,-1.36456
2009-03-02,-1.079437,-0.009161,-1.255817
2009-03-08,-1.081168,-0.255069,-1.302162
2009-03-15,-1.019782,-0.358607,-1.393607
2009-03-22,-0.954777,-0.491835,-1.509248
2009-03-30,-0.861135,-0.530993,-1.610815
2009-04-06,-0.694875,0.027922,-1.545899
2009-04-13,-0.56437,-0.214785,-1.591542
2009-04-19,-0.621875,-0.664203,-1.415855
2009-04-26,-0.636536,-0.912796,-1.127376
2009-05-03,-0.53407,-0.343835,-1.250554
2009-05-11,-0.475162,-0.291812,-1.215931
2009-05-18,-0.384388,-0.240717,-1.011584
2009-05-24,-0.259044,-0.428169,-0.844965
2009-05-31,-0.362014,-0.352705,-0.90484
2009-06-07,-0.224521,-0.372812,-0.87723
2009-06-15,-0.079508,-0.255757,-0.85017
2009-06-22,-0.057727,-0.07266,-0.859784
2009-06-29,0.049837,0.149375,-0.737106
2009-07-05,-0.118596,-0.127793,-0.909797
2009-07-12,-0.027206,0.006144,-1.038496
2009-07-19,0.150402,0.242229,-0.927418
2009-07-27,0.245025,0.42121,-0.655607
2009-08-03,0.173633,-0.019647,-0.741957
2009-08-10,0.202529,0.014468,-0.91061
2009-08-16,0.311219,-0.23721,-0.783751
2009-08-23,0.368773,-0.342227,-0.747199
2009-08-31,0.324265,-0.302881,-0.842337
2009-09-07,0.239914,-0.371401,-0.796891
2009-09-14,0.231776,-0.260333,-0.701289
2009-09-20,0.249604,-0.36373,-0.56438
2009-09-27,0.298019,-0.510504,-0.47864
2009-10-04,0.424854,-0.296628,-0.497536
2009-10-12,0.536852,-0.250983,-0.437664
2009-10-19,0.633641,-0.23225,-0.382552
2009-10-26,0.797386,-0.073477,-0.62109
2009-11-01,0.94526,0.367729,-0.844116
2009-11-08,0.951358,0.392767,-0.846198
2009-11-15,0.945806,-0.0842,-1.186731
2009-11-23,0.910623,-0.470846,-1.147456
2009-11-30,0.907123,-0.635307,-0.496361
2009-12-06,1.036097,-0.498563,-0.088858
2009-12-13,1.202924,-0.2967,-0.222207
2009-12-20,1.275628,-0.056961,-0.462083
2009-12-28,1.350407,0.061275,-0.277266
2010-01-04,1.245082,-0.388848,-0.102647
2010-01-11,1.122542,-0.515105,0.208764
2010-01-17,1.011607,-0.391772,0.025017
2010-01-24,0.963117,-0.113171,0.144907
2010-01-31,1.212455,-0.014519,0.327712
2010-02-08,1.314207,0.338191,-0.011904
2010-02-15,1.287849,0.647365,-0.151407
2010-02-22,1.11658,0.678463,0.082717
2010-02-28,1.161794,0.765147,-0.07553
2010-03-07,1.0529,0.669896,-0.338995
2010-03-15,0.93508,0.487105,-0.192391
2010-03-22,0.820426,0.170553,-0.071118
2010-03-29,0.72364,-0.024363,-0.56374
2010-04-04,0.710096,0.276543,-0.35224
2010-04-11,0.659379,0.107043,-0.0335
2010-04-18,0.493075,-0.084025,-0.307547
2010-04-26,0.373143,-0.177954,-0.368687
2010-05-03,0.212359,0.456329,-0.275491
2010-05-10,0.135219,0.293531,-0.338657
2010-05-16,0.005523,-0.058332,-0.371621
2010-05-23,-0.151281,-0.313761,-0.391363
2010-05-30,-0.241789,-0.154065,-0.057612
2010-06-07,-0.46902,0.213894,-0.13833
2010-06-14,-0.541519,0.403843,-0.311919
2010-06-21,-0.546317,0.523732,-0.237821
2010-06-27,-0.53895,0.708363,-0.315589
2010-07-04,-0.747883,0.213283,-0.358106
2010-07-12,-0.768336,0.024949,-0.201312
2010-07-19,-0.730115,0.009095,-0.052717
2010-07-26,-0.798168,0.056486,-0.138204
2010-08-01,-1.016151,-0.505657,-0.489378
2010-08-08,-1.061556,-0.56432,-0.385629
2010-08-15,-1.118011,-0.66613,-0.322956
2010-08-23,-1.18634,-0.930102,-0.41138
2010-08-30,-1.272546,-1.157731,-0.465056
2010-09-06,-1.342701,-1.279349,-0.422781
2010-09-12,-1.415701,-1.211742,-0.463611
2010-09-19,-1.455751,-1.343755,-0.449423
2010-09-26,-1.522183,-1.57212,-0.45088
2010-10-04,-1.484458,-1.872977,-0.173191
2010-10-11,-1.542585,-2.088856,-0.267051
2010-10-17,-1.602016,-2.27512,-0.436388
2010-10-24,-1.60036,-2.228511,-0.344492
2010-10-31,-1.615194,-1.836742,-0.248398
2010-11-08,-1.622785,-1.984545,0.036217
2010-11-15,-1.651716,-2.068461,0.052081
2010-11-22,-1.605471,-2.18311,-0.169582
2010-11-28,-1.674402,-2.363107,-0.776068
2010-12-05,-1.648781,-2.555343,-0.605175
2010-12-12,-1.672813,-2.588832,-0.536525
2010-12-20,-1.696565,-2.623029,-0.530048
2010-12-27,-1.726837,-2.695843,-0.304655
2011-01-03,-1.650908,-3.182758,-0.298246
2011-01-09,-1.692035,-3.296357,0.04875
2011-01-16,-1.804757,-3.169202,-0.087791
2011-01-24,-1.735763,-2.751856,-0.33112
2011-01-31,-1.642232,-2.278139,-0.394013
2011-02-07,-1.40051,-2.549751,-0.553706
2011-02-13,-1.35385,-2.43429,-0.772332
2011-02-20,-1.32241,-2.259607,-0.395894
2011-02-27,-1.290608,-2.072744,-0.192911
2011-03-07,-1.072553,-1.951857,-0.498538
2011-03-14,-0.995149,-1.959995,-0.684157
2011-03-21,-0.963514,-2.138279,-0.746181
2011-03-27,-0.976265,-2.087916,-0.791963
2011-04-03,-0.823005,-1.605329,-0.875621
2011-04-10,-0.768081,-1.656143,-0.720523
2011-04-18,-0.752525,-1.528222,-0.5191
2011-04-25,-0.68191,-1.413778,-0.754002
2011-05-01,-0.624726,-1.099815,-0.9714
2011-05-08,-0.534448,-1.16818,-0.872086
2011-05-15,-0.442225,-1.178422,-0.702845
2011-05-23,-0.379443,-0.978624,-0.723984
2011-05-30,-0.382794,-0.784895,-0.832192
2011-06-06,-0.554854,-0.534042,-0.855971
2011-06-12,-0.504345,-0.301019,-0.917745
2011-06-19,-0.399526,-0.046197,-1.021267
2011-06-26,-0.309842,0.062549,-1.015527
2011-07-04,-0.491285,-0.133001,-0.977525
2011-07-11,-0.456516,-0.315453,-0.909026
2011-07-18,-0.486707,-0.408296,-0.960866
2011-07-24,-0.498043,-0.17024,-0.924545
2011-07-31,-0.670375,-0.412096,-0.910953
2011-08-07,-0.637649,-0.071436,-1.105908
2011-08-15,-0.568707,0.0909,-0.977509
2011-08-22,-0.56635,0.269571,-0.885226
2011-08-28,-0.524291,0.436848,-0.878737
2011-09-04,-0.652378,0.481409,-0.727398
2011-09-11,-0.808195,0.592996,-0.726359
2011-09-19,-0.897136,0.560028,-1.017786
2011-09-26,-0.982244,0.518419,-0.846006
2011-10-03,-1.0481,0.605344,-0.795782
2011-10-09,-1.048848,0.360913,-0.930787
2011-10-16,-1.004197,0.418606,-0.735924
2011-10-23,-0.983123,0.496763,-0.754757
2011-10-31,-1.027811,0.370838,-0.898411
2011-11-07,-1.023341,0.580446,-0.995821
2011-11-14,-1.027053,0.595429,-1.306549
2011-11-20,-0.997296,0.652231,-1.537304
2011-11-27,-1.031921,0.625567,-1.298041
2011-12-05,-1.044741,0.411713,-1.118765
2011-12-12,-1.188093,0.01843,-1.247461
2011-12-19,-1.319484,-0.161756,-1.51795
2011-12-25,-1.427763,-0.480282,-1.582508
2012-01-01,-1.372083,-1.1236,-1.3427
2012-01-08,-1.364126,-1.17553,-1.013171
2012-01-15,-1.361816,-1.031158,-0.753127
2012-01-22,-1.477424,-0.790055,-1.277599
2012-01-29,-1.555758,-0.591419,-1.283986
2012-02-05,-1.334288,-0.81896,-0.875712
2012-02-12,-1.361207,-0.432319,-0.995898
2012-02-19,-1.415305,-0.448393,-1.144567
2012-02-26,-1.417077,-0.533699,-1.43407
2012-03-04,-1.282408,-0.666421,-1.574174
2012-03-11,-1.345631,-1.050734,-1.701173
2012-03-18,-1.332149,-1.461676,-1.643974
2012-03-25,-1.160813,-1.572156,-1.747559
2012-04-01,-0.976144,-1.032092,-1.560901
2012-04-08,-0.913894,-0.926366,-1.320469
2012-04-15,-0.795222,-0.886145,-1.356341
2012-04-22,-0.808734,-0.935686,-1.351133
2012-04-29,-0.76836,-1.303517,-1.494889
2012-05-06,-0.720027,-0.787409,-1.458777
2012-05-13,-0.81998,-0.839181,-1.156534
2012-05-20,-0.754659,-0.80181,-1.30444
2012-05-27,-0.587082,-0.744104,-1.492375
2012-06-03,-0.752068,-0.720356,-1.671821
2012-06-10,-0.683654,-0.696357,-1.648715
2012-06-17,-0.495098,-0.671224,-1.457008
2012-06-24,-0.411254,-0.414466,-1.508907
2012-07-01,-0.530271,-0.420817,-1.765084
2012-07-08,-0.471389,-0.226394,-1.542617
2012-07-15,-0.393011,-0.157646,-1.395043
2012-07-22,-0.31175,-0.132794,-1.476365
2012-07-29,-0.212685,-0.041925,-1.377723
2012-08-05,-0.261607,-0.367035,-1.270856
2012-08-12,-0.170229,-0.075517,-1.371732
2012-08-19,-0.138392,0.185519,-1.363068
2012-08-26,-0.214717,0.22479,-1.260236
2012-09-02,-0.242221,0.136897,-1.395149
2012-09-09,-0.228231,0.132689,-1.244145
2012-09-16,-0.203052,0.124444,-1.182173
2012-09-23,-0.134825,0.178022,-1.205074
2012-09-30,0.040061,0.250589,-0.718935
2012-10-07,0.007973,0.101342,-0.667726
2012-10-14,-0.090571,-0.145723,-0.790522
2012-10-21,-0.130873,-0.154649,-0.85214
2012-10-28,-0.233262,-0.216059,-1.000365
2012-11-04,-0.183921,-0.068799,-0.830121
2012-11-11,-0.138133,-0.083643,-0.900888
2012-11-18,-0.235757,-0.241044,-1.148198
2012-11-25,-0.275383,-0.346956,-1.101727
2012-12-02,-0.316629,-0.517356,-0.829644
2012-12-09,-0.418238,-0.508393,-0.737682
2012-12-16,-0.433813,-0.324333,-1.570834
2012-12-23,-0.452653,-0.294916,-1.687096
2012-12-30,-0.561807,-0.608312,-1.508466
2013-01-07,-0.54494,-1.332747,-1.506153
2013-01-13,-0.661281,-1.541485,-1.387957
2013-01-20,-0.647226,-1.399256,-1.208042
2013-01-27,-0.599088,-1.057486,-1.213469
2013-02-04,-0.390423,-1.076014,-1.568663
2013-02-11,-0.449649,-0.818643,-1.701635
2013-02-17,-0.606314,-0.67471,-1.850504
2013-02-24,-0.73515,-0.562871,-2.08146
2013-03-03,-0.593175,-0.704097,-1.641679
2013-03-11,-0.576577,-0.652912,-1.157214
2013-03-18,-0.668941,-0.510294,-0.921504
2013-03-25,-0.627522,-0.358353,-0.995772
2013-04-07,-0.645114,-0.673457,-1.059404
2013-04-14,-0.678317,-0.851822,-1.063438
2013-04-22,-0.646075,-0.750573,-0.919224
2013-04-29,-0.707201,-0.969935,-0.794552
2013-05-06,-0.798055,-0.736155,-0.887909
2013-05-12,-0.85837,-1.14831,-0.948203
2013-05-19,-0.876341,-1.724461,-0.807793
2013-05-27,-0.766092,-1.657587,-0.861926
2013-06-03,-0.827236,-1.168178,-0.964669
2013-06-10,-0.761843,-0.889291,-0.711471
2013-06-16,-0.79733,-0.75827,-0.940816
2013-06-23,-0.638211,-0.678665,-0.920296
2013-06-30,-0.732108,-0.909862,-0.790455
2013-07-08,-0.636405,-0.780119,-0.673454
2013-07-15,-0.600207,-0.616671,-0.766226
2013-07-22,-0.567393,-0.352396,-0.573568
2013-07-28,-0.481633,-0.22133,-0.57746
2013-08-04,-0.534139,-0.673998,-0.761468
2013-08-11,-0.607633,-0.792,-0.705332
2013-08-19,-0.588735,-0.891778,-0.706364
2013-08-26,-0.504949,-0.808701,-0.696312
2013-09-02,-0.45022,-0.945088,-0.560066
2013-09-15,-0.552386,-1.327441,-0.586488
2013-09-23,-0.531658,-1.285304,-0.6372
2013-09-30,-0.523898,-1.348677,-0.554217
2013-10-07,-0.471096,-1.111007,-0.341878
2013-10-13,-0.440748,-0.945042,-0.349437
2013-10-20,-0.329951,-0.871592,-0.27416
2013-10-27,-0.268689,-0.860476,-0.34968
2013-11-04,-0.165933,-0.402803,-0.341047
2013-11-11,-0.099239,-0.287076,-0.407705
2013-11-18,-0.107405,-0.073267,-0.282839
2013-11-24,-0.300233,-0.046591,-0.10828
2013-12-01,-0.271957,-0.033809,-0.25905
2013-12-08,-0.339915,-0.131623,-0.415368
2013-12-16,-0.38234,-0.429123,-0.387322
2013-12-23,-0.448991,-0.588583,-0.463103
2013-12-29,-0.507722,-0.404661,-0.318055
2014-01-05,-0.433217,-0.542931,-0.267996
2014-01-12,-0.390568,-0.284453,-0.301865
2014-01-20,-0.366644,-0.033376,0.062838
2014-01-27,-0.312573,0.178066,0.523582
2014-02-03,-0.10704,-0.006052,0.352948
2014-02-09,-0.099973,0.138643,-0.144153
2014-02-16,-0.041546,0.183588,-0.21323
2014-02-23,0.164165,0.222894,0.338027
2014-03-03,0.467817,0.406634,0.647363
2014-03-10,0.599056,0.539701,0.462276
2014-03-17,0.684069,0.510116,0.405232
2014-03-23,0.781855,0.465171,0.401933
2014-03-30,0.722581,0.348106,0.137827
2014-04-07,0.815464,0.653708,0.30121
2014-04-14,0.805286,0.460706,0.495968
2014-04-21,0.839572,0.240622,0.250845
2014-04-27,0.884963,-0.204988,0.283914
2014-05-04,0.852227,-0.062498,0.655536
2014-05-11,0.868501,-0.222775,0.846394
2014-05-19,0.838819,-0.191623,0.875928
2014-05-26,0.781747,-0.297563,0.856092
2014-06-02,0.583689,-0.132788,0.733028
2014-06-08,0.559099,-0.190181,0.622883
2014-06-15,0.533331,-0.294136,0.659523
2014-06-22,0.535552,-0.575136,0.759011
2014-06-30,0.625726,-0.740778,0.7601
2014-07-07,0.420664,-1.158631,0.89585
2014-07-13,0.392692,-1.160258,0.79895
2014-07-20,0.39832,-1.028143,0.642561
2014-07-27,0.416463,-0.751171,0.70512
2014-08-04,0.341248,-1.125834,0.71556
2014-08-11,0.424432,-0.923643,0.802333
2014-08-18,0.533525,-0.632137,1.016725
2014-08-24,0.567808,-0.619691,1.08562
2014-08-31,0.610548,-0.692323,1.13373
2014-09-07,0.66481,-0.365097,1.181465
2014-09-15,0.645285,-0.134434,1.240195
2014-09-22,0.64822,-0.006142,1.24233
2014-09-29,0.653244,-0.119625,1.276303
2014-10-05,0.714569,-0.314716,1.262248
2014-10-12,0.76254,-0.424308,1.169703
2014-10-19,0.790785,-0.454511,1.025474
2014-10-27,0.853721,-0.644041,0.924637
2014-11-03,0.915887,-0.215669,1.02791
2014-11-09,0.840955,-0.230516,1.184898
2014-11-16,0.775748,-0.36592,1.118132
2014-11-23,0.740602,-0.461997,1.020176
2014-12-01,0.725004,-0.596816,1.185789
2014-12-08,0.693425,-0.634593,1.051301
2014-12-15,0.745249,-0.607144,1.022123
2014-12-21,0.666018,-0.878354,1.269413
2014-12-28,0.678821,-1.112408,1.815
2015-01-04,0.783935,-1.442138,1.857449
2015-01-12,0.740503,-1.21559,1.625275
2015-01-19,0.732173,-0.773301,1.504898
2015-01-26,0.826049,-0.072164,1.602801
2015-02-01,0.960401,0.144495,1.83487
2015-02-08,1.057589,0.384094,2.169429
2015-02-16,1.029907,0.409041,2.360046
2015-02-23,0.95645,0.366742,2.157255
2015-03-02,1.182962,0.264035,2.11244
2015-03-08,1.35073,0.247369,2.233886
2015-03-15,1.478823,0.246768,2.162431
2015-03-22,1.640313,0.347422,1.978557
2015-03-30,1.659938,0.322573,1.825911
2015-04-06,1.712074,0.922138,1.782654
2015-04-13,1.679714,0.737894,1.508322
2015-04-19,1.753623,0.434244,1.589245
2015-04-26,1.80037,0.05678,1.575132
2015-05-03,1.819013,0.421649,1.492901
2015-05-11,1.946422,0.429162,1.552237
2015-05-18,2.031673,0.022187,1.734497
2015-05-24,2.128376,-0.066068,1.807808
2015-05-31,1.989753,0.218668,1.622162
2015-06-07,1.986012,0.285689,1.506255
2015-06-15,1.914083,0.372996,1.66377
2015-06-22,1.967359,0.429953,1.753102
2015-06-29,2.103463,0.530376,2.071097
2015-07-05,2.075409,0.306695,1.918626
2015-07-12,2.270136,0.333914,1.694335
2015-07-19,2.322317,0.344611,1.774541
2015-07-27,2.396722,0.532626,1.795109
2015-08-03,2.390278,0.218908,1.747582
2015-08-10,2.430274,0.538386,1.759482
2015-08-16,2.513629,0.63414,1.82295
2015-08-23,2.536386,0.555184,2.072092
2015-08-31,2.563137,0.692397,2.036681
2015-09-07,2.671421,0.476026,1.89561
2015-09-14,2.711305,0.760201,2.123938
2015-09-20,2.687999,0.783829,1.981532
2015-09-27,2.750123,0.608026,1.99978
2015-10-04,2.926312,0.871196,2.251353
2015-10-12,2.989215,0.882747,2.07137
2015-10-19,2.997127,0.904003,2.109534
2015-10-26,2.99806,0.89163,2.11382
2015-11-01,2.985921,1.356977,1.911943
2015-11-08,2.926458,1.231997,1.717015
2015-11-15,2.890538,1.297681,1.537127
2015-11-23,2.830199,1.056284,1.59005
2015-11-30,2.927937,1.01435,1.420455
2015-12-06,2.950304,0.757504,1.131596
2015-12-13,2.872998,0.50261,1.116586
2015-12-20,2.740672,0.364469,1.2082
2015-12-28,2.741084,0.268308,1.308207
2016-01-03,2.854668,0.151113,1.4176
2016-01-10,2.905912,0.568571,1.671054
2016-01-17,2.887751,0.823221,1.782708
2016-01-24,2.7898,1.011929,1.762437
2016-01-31,2.752513,0.79804,1.852365
2016-02-07,2.574299,0.591364,1.932367
2016-02-14,2.353955,0.42519,1.996685
2016-02-21,2.257534,0.539092,2.273748
2016-02-28,2.145453,0.804077,2.265818
2016-03-06,2.148546,0.825453,2.050267
2016-03-13,1.961749,0.82591,1.840041
2016-03-20,1.708663,0.753954,1.987782
2016-03-27,1.625636,0.488376,2.110441
2016-04-03,1.608642,1.000444,2.180343
2016-04-10,1.393868,0.80251,1.725049
2016-04-17,1.300321,0.610927,1.723242
2016-04-24,1.196091,0.312108,1.766475
2016-05-01,1.075409,0.558917,1.771793
2016-05-08,0.972803,0.21935,1.957857
2016-05-15,0.905176,-0.228228,1.985588
2016-05-22,0.780693,-0.793398,1.915721
2016-05-29,0.715437,-1.25,1.898159
2016-06-05,0.507105,-1.455711,1.901883
2016-06-12,0.521356,-1.530708,1.766927
2016-06-19,0.567863,-1.633125,1.787936
2016-06-26,0.564023,-1.597586,1.764362
2016-07-03,0.399754,-1.648111,1.430481
2016-07-10,0.44026,-1.280136,1.248776
2016-07-17,0.443457,-1.158841,1.064344
2016-07-24,0.396164,-1.246023,1.269774
2016-07-31,0.228239,-1.690699,1.102494
2016-08-07,0.187623,-1.365915,1.170794
2016-08-14,0.149477,-1.196742,1.263301
2016-08-21,0.137284,-1.176888,1.356534
2016-08-28,0.098495,-1.296567,1.461125
2016-09-04,0.053776,-1.656475,1.295857
2016-09-11,0.041126,-1.766378,1.270494
2016-09-18,-0.01493,-1.82154,1.124012
2016-09-25,-0.055322,-1.933074,1.390807
2016-10-02,-0.130519,-1.796488,1.380859
2016-10-09,-0.172899,-1.741344,1.081901
2016-10-16,-0.180284,-1.798814,1.086889
2016-10-23,-0.250706,-1.791275,1.032173
2016-10-30,-0.219908,-1.794025,1.012092
2016-11-06,-0.235057,-1.521569,0.83729
2016-11-13,-0.19608,-1.536724,0.941952
2016-11-20,-0.134965,-1.494713,0.611829
2016-11-27,-0.091408,-1.618017,0.528736
2016-12-04,0.003834,-1.690325,1.004669
2016-12-11,0.041077,-1.761123,1.117033
2016-12-18,0.044788,-1.766338,0.766587
2016-12-25,0.098123,-1.617318,0.680828
2017-01-01,0.217611,-1.903045,0.974509
2017-01-08,0.142625,-1.915119,0.851821
2017-01-16,0.159885,-1.778364,0.247304
2017-01-23,0.177815,-1.738837,-0.038871
2017-01-30,0.165004,-1.638502,0.680094
2017-02-05,0.243514,-1.830181,1.079904
2017-02-12,0.211654,-1.631383,0.748639
2017-02-19,0.180469,-1.298133,0.70522
2017-02-27,0.148491,-1.121054,0.700108
2017-03-06,0.218118,-1.10883,0.760704
2017-03-12,0.173609,-1.09815,0.794147
2017-03-19,0.095286,-1.208217,0.610966
2017-03-26,0.003078,-1.326902,0.27743
2017-04-03,0.115458,-0.966702,0.470763
2017-04-10,0.130117,-1.05907,0.569654
2017-04-17,0.156532,-1.05596,0.708813
2017-04-23,0.207502,-1.058588,0.626391
2017-04-30,0.2407,-0.383467,0.498664
2017-05-07,0.271311,-0.374668,0.31857
2017-05-15,0.209923,-0.431738,0.263154
2017-05-22,0.133136,-0.555496,0.288334
2017-05-29,0.144442,-0.642068,0.506209
2017-06-04,-0.002707,-0.564277,0.29587
2017-06-11,0.07516,-0.444867,0.349531
2017-06-19,0.220006,-0.311685,0.392912
2017-06-26,0.272923,-0.123946,0.40898
2017-07-03,0.114619,-0.062744,0.213685
2017-07-09,0.186088,-0.068744,0.295195
2017-07-16,0.191237,-0.153128,0.309065
2017-07-23,0.219702,-0.013102,0.408259
2017-07-31,0.284294,0.109084,0.557437
2017-08-07,0.145642,-0.522331,0.638548
2017-08-14,0.091045,-0.398623,0.482244
2017-08-20,0.093542,-0.283728,0.426367
2017-08-27,0.040843,-0.215759,0.370021
2017-09-03,-0.120283,-0.38552,0.365224
2017-09-11,-0.241362,-0.760907,0.228421
2017-09-18,-0.316402,-1.001876,0.468602
2017-09-24,-0.365807,-0.807661,0.367361
2017-10-01,-0.378755,-0.731301,0.471248
2017-10-08,-0.478793,-0.78964,0.503179
2017-10-16,-0.570265,-0.97058,0.13261
2017-10-23,-0.592362,-0.928419,0.108211
2017-10-30,-0.603095,-0.783853,0.543019
2017-11-05,-0.535201,-0.43263,0.462106
2017-11-12,-0.49809,-0.52486,0.106483
2017-11-19,-0.569301,-0.697617,0.145289
2017-11-27,-0.560862,-0.845511,0.200569
2017-12-04,-0.524925,-1.169798,0.32331
2017-12-11,-0.534186,-1.239845,0.503151
2017-12-17,-0.443071,-1.024088,0.475473
2017-12-24,-0.412944,-0.755046,0.330394
2018-01-01,-0.302359,-0.929284,0.100559
2018-01-08,-0.317193,-0.796249,-0.018251
2018-01-15,-0.43282,-0.671079,-0.083819
2018-01-21,-0.505555,-0.534539,-0.028048
2018-01-28,-0.563243,-0.467424,0.441012
2018-02-04,-0.436455,-0.887652,0.636951
2018-02-12,-0.303314,-0.76174,0.595118
2018-02-19,-0.217932,-0.498729,0.09573
2018-02-26,-0.174876,-0.399629,-0.356545
2018-03-04,-0.029773,-0.369364,-0.40141
2018-03-11,-0.042953,-0.503007,-0.413541
2018-03-18,-0.007861,-0.719883,-0.119608
2018-03-26,0.035093,-0.764754,0.133711
2018-04-02,0.116389,-0.204077,0.242774
2018-04-09,0.125426,-0.077663,-0.262587
2018-04-15,0.228514,0.022267,-0.366582
2018-04-22,0.351,-0.199928,0.038063
2018-04-30,0.404767,-0.692182,0.37141
2018-05-07,0.450631,-0.304698,0.422427
2018-05-14,0.550501,-0.197083,0.351545
2018-05-20,0.62281,-0.176852,0.182416
2018-05-27,0.641714,-0.166965,0.042164
2018-06-03,0.456766,-0.229462,-0.096553
2018-06-11,0.53049,-0.441648,-0.027449
2018-06-18,0.575343,-0.244526,0.224279
2018-06-25,0.628322,0.098658,0.250913
2018-07-01,0.554803,-0.110529,0.045628
2018-07-08,0.657206,-0.098965,-0.069169
2018-07-15,0.661313,-0.068825,-0.017158
2018-07-23,0.71403,-0.136084,0.050423
2018-07-30,0.733937,-0.186755,0.260505
2018-08-05,0.682273,-0.621316,0.33626
2018-08-12,0.828293,-0.521647,0.613149
2018-08-19,0.871364,-0.384032,0.425192
2018-08-27,0.85879,-0.264934,0.213197
2018-09-03,0.870304,-0.53282,0.175028
2018-09-10,0.913538,-0.320358,0.136279
2018-09-16,0.965422,-0.167165,0.302543
2018-09-23,1.057152,-0.066029,0.63618
2018-09-30,1.150367,0.324832,0.760433
2018-10-08,1.169428,0.025381,0.540088
2018-10-15,1.166918,-0.141788,0.418395
2018-10-22,1.141756,-0.120177,0.369864
2018-10-28,1.158616,-0.119048,0.357914
2018-11-04,1.221403,0.085701,0.549129
2018-11-12,1.253428,-0.071413,0.641619
2018-11-19,1.228773,-0.386397,0.700469
2018-11-26,1.202791,-0.490257,0.429986
2018-12-02,1.194892,-0.244412,0.371075
2018-12-09,1.215407,-0.13746,-0.037736
2018-12-16,1.117684,-0.354779,-0.133471
2018-12-24,1.075134,-0.448957,0.052726
2018-12-31,1.104829,-0.258401,0.276058
2019-01-07,1.193276,-0.16496,0.383171
2019-01-13,1.145364,0.15791,0.425573
2019-01-20,1.136434,0.51711,0.429145
2019-01-27,1.032874,0.657247,0.272134
2019-02-04,1.184611,0.380878,0.170333
2019-02-11,1.274,0.627921,-0.125843
2019-02-17,1.233904,0.62665,-0.3586
2019-02-24,1.295258,0.598019,-0.170758
2019-03-11,1.174982,0.479955,0.176978
2019-03-18,1.193027,0.214881,0.243161
2019-03-25,1.168617,0.167291,0.543273
2019-03-31,1.237596,0.837933,0.68735
2019-04-07,1.201217,1.012819,0.429707
2019-04-14,1.114026,0.871652,0.17607
2019-04-22,1.057421,0.560519,0.455896
2019-04-29,0.927819,0.038846,0.638964
2019-05-06,0.888185,0.323576,0.64377
2019-05-12,0.984094,0.180756,0.5373
2019-05-19,0.981987,0.329821,0.398108
2019-05-27,1.018658,0.471038,0.281282
2019-06-03,0.861818,0.728646,0.170576
2019-06-10,0.789248,0.729523,0.419608
2019-06-16,0.762097,0.559348,0.5949
2019-06-23,0.756155,0.351955,0.948074
2019-06-30,0.569779,-0.020713,0.93862
2019-07-08,0.62432,0.261069,0.842844
2019-07-15,0.716029,0.611725,0.732649
2019-07-22,0.761732,0.869519,0.632791
2019-07-28,0.740344,1.048501,0.756373
2019-08-04,0.512808,0.72995,0.692001
2019-08-11,0.432038,0.882352,0.874915
2019-08-19,0.481847,0.941115,0.950868
2019-08-26,0.532207,1.06943,1.141723
2019-09-02,0.477281,0.882935,1.17263
2019-09-08,0.510853,1.166955,1.01642
2019-09-15,0.547031,1.411781,0.981487
2019-09-23,0.548772,1.596239,0.9365
2019-09-30,0.634488,1.687986,0.890214
2019-10-07,0.651363,2.110531,0.904061
2019-10-13,0.594272,2.469394,0.726088
2019-10-20,0.625022,2.579935,0.753192
2019-10-27,0.60236,2.714715,1.138787
2019-11-04,0.632702,3.084196,1.382752
2019-11-11,0.631957,2.856798,1.484992
2019-11-18,0.684737,2.819465,1.209676
2019-11-24,0.832611,2.998771,1.018717
2019-12-01,0.942436,3.166288,0.985041
2019-12-08,0.924044,3.24505,0.781668
2019-12-16,0.957413,3.244313,0.577872
2019-12-23,1.070164,2.900666,0.813042
2019-12-29,1.028158,2.641016,0.772042
2020-01-05,1.097925,2.123134,0.409082
2020-01-12,1.091975,2.1108,0.13634
2020-01-19,1.084147,2.163994,0.247905
2020-01-26,1.081935,2.244495,0.300926
2020-02-16,1.040885,1.477574,0.048669
2020-02-23,1.006641,1.332722,0.049785
2020-03-01,1.17552,1.457951,-0.006006
2020-03-08,1.040643,1.280913,0.102267
2020-03-15,0.914766,1.261812,0.47613
2020-03-22,0.83554,1.212518,0.140557
2020-03-29,0.70463,1.232694,-0.081394
2020-04-05,0.709512,1.519223,0.474437
2020-04-12,0.622842,1.15205,0.646441
2020-04-19,0.504112,0.95434,0.291145
2020-04-26,0.412604,0.846565,0.185518
2020-05-03,0.300362,1.297559,0.290249
2020-05-10,0.298999,0.856893,0.587288
2020-05-17,0.294844,0.229929,0.767974
2020-05-24,0.231814,-0.480021,0.846649
2020-05-31,0.00277,-0.359043,0.755628
2020-06-07,0.073284,-0.177398,0.505621
2020-06-14,0.087593,-0.042492,0.511374
2020-06-21,0.147332,0.246183,0.623112
2020-06-28,0.209753,0.163963,0.719783
2020-07-05,0.01155,-0.201641,0.616461
2020-07-12,0.067403,-0.008328,0.481871
2020-07-19,0.06491,0.152666,0.384102
2020-07-26,0.002189,0.158222,0.203211
2020-08-02,-0.190689,-0.417908,-0.047219
2020-08-09,-0.262278,-0.481195,0.022762
2020-08-16,-0.231919,-0.562973,0.242083
2020-08-23,-0.177544,-0.591087,0.407158
2020-08-30,-0.221409,-0.382468,0.463564
2020-09-06,-0.335396,-0.563134,0.564425
2020-09-13,-0.426977,-0.503075,0.675981
2020-09-20,-0.468892,-0.458938,0.467459
2020-09-27,-0.497554,-0.193518,0.451248
2020-10-04,-0.570634,0.056518,0.861829
2020-10-11,-0.599188,0.054446,0.951336
2020-10-18,-0.656557,-0.200754,1.042253
2020-10-25,-0.647415,-0.534053,1.187615
2020-11-01,-0.625192,-0.354761,0.937606
2020-11-08,-0.639278,-0.315558,0.746869
2020-11-15,-0.662588,-0.316204,0.383464
2020-11-22,-0.703832,-0.475469,0.297386
2020-11-29,-0.749244,-0.647481,0.4277
2020-12-06,-0.76792,-0.825818,0.671138
2020-12-13,-0.773393,-0.879485,0.641976
2020-12-20,-0.841432,-0.825561,0.297019
2020-12-27,-0.902859,-0.940464,-0.011896
2021-01-04,-0.97325,-1.311896,-0.102626
2021-01-11,-1.119823,-1.523461,0.279042
2021-01-17,-1.173343,-1.687536,0.60741
2021-01-24,-1.207329,-1.771093,0.199211
2021-01-31,-1.049009,-2.062554,0.014055
2021-02-08,-1.050416,-1.996387,0.419044
2021-02-15,-1.032018,-1.694223,0.106403
2021-02-22,-1.012885,-1.506508,-0.205342
2021-02-28,-0.728684,-1.33524,-0.356979
2021-03-07,-0.687749,-1.040454,-0.476427
2021-03-15,-0.566342,-0.747319,-0.600912
2021-03-22,-0.544833,-0.635951,-0.381582
2021-03-29,-0.590072,-0.987002,0.105925
2021-04-04,-0.395613,-0.893834,0.339556
2021-04-11,-0.352504,-1.299907,0.310643
2021-04-18,-0.19555,-1.466967,0.273945
2021-04-26,-0.092876,-1.341496,-0.030426
2021-05-03,-0.056891,-0.571067,-0.148088
2021-05-10,-0.00744,-0.382749,0.002381
2021-05-16,0.1132,-0.437381,0.100322
2021-05-23,0.084528,-0.714294,0.04628
2021-05-30,0.047848,-1.158856,0.026628
2021-06-07,-0.097568,-1.42672,-0.188295
2021-06-14,-0.038967,-1.219057,-0.083989
2021-06-21,0.019006,-0.844813,0.21087
2021-06-27,0.052642,-0.498902,0.273387
2021-07-04,-0.141006,-0.716961,0.016546
2021-07-12,-0.244908,-0.981139,-0.146279
2021-07-19,-0.339852,-1.204626,-0.228309
2021-07-26,-0.379527,-1.142399,-0.140182
2021-08-01,-0.483895,-1.351304,-0.077079
2021-08-08,-0.380036,-1.040503,0.015807
2021-08-15,-0.320731,-0.865709,0.030439
2021-08-23,-0.312336,-0.891066,-0.096409
2021-08-30,-0.360128,-0.813538,-0.183396
2021-09-06,-0.450569,-0.933733,-0.085517
2021-09-12,-0.580728,-0.755389,-0.120268
2021-09-19,-0.64234,-0.52139,-0.393296
2021-09-26,-0.710227,-0.73736,-0.416693
2021-10-04,-0.784431,-0.699293,-0.404489
2021-10-11,-0.781238,-0.889137,-0.602705
2021-10-17,-0.806764,-1.14927,-0.848359
2021-10-24,-0.841699,-1.443978,-0.709193
2021-10-31,-0.75794,-1.287692,-0.374441
2021-11-08,-0.809804,-1.579791,-0.360112
2021-11-15,-0.956834,-1.63347,-0.501671
2021-11-22,-1.031135,-1.81935,-0.376807
2021-11-28,-1.131652,-1.924721,-0.00419
2021-12-05,-1.119703,-1.885836,-0.002871
2021-12-12,-0.995388,-1.725719,-0.597105
2021-12-20,-0.940922,-1.377161,-0.549904
2021-12-27,-0.918257,-0.861681,-0.641516
2022-01-03,-0.702317,-0.844197,-0.574323
2022-01-09,-0.632405,-0.442713,-0.227218
2022-01-16,-0.574685,-0.21411,-0.000398
2022-01-24,-0.628626,-0.115601,-0.007725
2022-01-31,-0.644105,-0.150533,0.02523
2022-02-07,-0.574005,-0.586706,-0.034737
2022-02-13,-0.600586,-0.727016,-0.070835
2022-02-20,-0.682281,-0.861562,-0.179702
2022-02-27,-0.811995,-0.699673,-0.482085
2022-03-07,-0.615436,-0.606437,-0.240375
2022-03-14,-0.734079,-0.687261,-0.405011
2022-03-21,-0.832126,-0.984819,-0.587145
2022-03-27,-0.853654,-1.268511,-0.581747
2022-04-03,-0.752091,-0.819552,-0.492191
2022-04-10,-0.620872,-0.8927,-0.436914
2022-04-18,-0.545422,-0.996967,-0.690025
2022-04-25,-0.605878,-0.978854,-0.751535
2022-05-01,-0.585624,-0.494504,-0.641054
2022-05-08,-0.579312,-0.996368,-0.363135
2022-05-15,-0.545052,-1.380856,-0.074086
2022-05-23,-0.48438,-1.466241,-0.194861
2022-05-30,-0.380299,-1.379248,-0.272424
2022-06-06,-0.582054,-1.08878,-0.150433
2022-06-12,-0.468527,-0.907968,-0.074422
2022-06-19,-0.406388,-0.727277,-0.006928
2022-06-26,-0.376338,-0.640865,0.017291
2022-07-04,-0.620923,-1.017918,-0.377409
2022-07-11,-0.666523,-1.143976,-0.352804
2022-07-18,-0.685899,-1.118191,-0.238226
2022-07-24,-0.646656,-0.939561,-0.129423
2022-07-31,-0.756634,-1.52674,-0.213926
2022-08-07,-0.770017,-1.541087,-0.203625
2022-08-15,-0.74328,-1.477644,-0.253756
2022-08-22,-0.695265,-1.297672,-0.170967
2022-08-28,-0.780571,-1.229261,-0.079312
2022-09-04,-0.865652,-1.703014,0.033434
2022-09-11,-0.880218,-1.81518,0.459761
2022-09-19,-0.888305,-1.918045,0.327364
2022-09-26,-0.890369,-1.927202,0.186077
2022-10-03,-0.88893,-1.886183,0.498864
2022-10-09,-0.984387,-2.097141,0.572645
2022-10-16,-1.019715,-2.148882,0.468337
2022-10-23,-1.036536,-2.047118,0.578128
2022-10-31,-1.026822,-1.90355,0.260797
2022-11-07,-0.949606,-1.514909,-0.14516
2022-11-14,-0.948828,-1.596156,-0.062364
2022-11-20,-0.886143,-1.588798,0.208994
2022-11-27,-0.869997,-1.735699,0.125519
2022-12-05,-0.824298,-1.721561,-0.008564
2022-12-12,-0.848592,-1.552992,0.051908
2022-12-19,-0.87705,-1.731845,0.224644
2022-12-25,-0.938851,-1.88453,0.181649
2023-01-01,-0.869174,-2.208952,0.163951
2023-01-08,-0.727677,-1.943771,0.104635
2023-01-16,-0.667309,-1.606176,0.336647
2023-01-23,-0.689908,-1.519887,0.548152
2023-01-30,-0.754009,-1.490575,0.241022
2023-02-05,-0.680424,-2.098657,-0.148515
2023-02-12,-0.801636,-2.028291,-0.411944
2023-02-19,-0.75691,-1.917342,-0.235463
2023-02-27,-0.650452,-1.764892,-0.16009
2023-03-06,-0.420442,-1.413179,-0.056397
2023-03-12,-0.307081,-1.069359,0.066021
2023-03-19,-0.208218,-0.780515,-0.065979
2023-03-26,-0.137599,-0.784365,-0.182656
2023-04-03,0.02934,-0.267176,-0.390495
2023-04-10,0.018483,-0.250522,-0.485276
2023-04-17,0.102228,-0.176089,-0.337189
2023-04-23,0.340564,-0.159351,-0.156544
2023-04-30,0.303898,0.156758,-0.022349
2023-05-07,0.389428,-0.178698,-0.064154
2023-05-15,0.472841,-0.599011,0.027616
2023-05-22,0.508115,-0.704282,0.222578
2023-05-29,0.684588,-0.619589,0.191649
2023-06-04,0.664122,-0.333501,0.146277
2023-06-11,0.786832,-0.153089,0.030877
2023-06-19,0.832961,-0.095578,-0.145202
2023-06-26,0.895581,-0.027442,-0.473467
2023-07-03,0.630695,-0.264493,-0.43533
2023-07-09,0.678742,-0.038656,-0.157222
2023-07-16,0.859978,0.1955,-0.06364
2023-07-23,0.954004,0.510254,0.110163
2023-07-31,1.037074,0.755346,0.169479
2023-08-07,0.999367,0.33552,0.153605
2023-08-14,1.055582,0.5187,0.2374
2023-08-20,1.086244,0.713614,0.296928
2023-08-27,1.164203,0.81428,0.211644
2023-09-03,1.179518,0.768809,0.39945
2023-09-11,1.150371,0.912641,0.240643
2023-09-18,1.151855,1.130803,0.399243
2023-09-24,1.132416,1.542225,0.405131
2023-10-01,1.217454,2.075872,0.401016
2023-10-08,1.293319,2.522036,0.314493
2023-10-16,1.344094,2.946762,0.695755
2023-10-23,1.439238,3.123681,1.032585
2023-10-30,1.536739,3.321993,0.757239
2023-11-05,1.578607,3.722893,0.464857
2023-11-12,1.606488,3.862927,0.478855
2023-11-19,1.766779,3.963561,0.547232
2023-11-27,1.743852,3.968569,0.613392
2023-12-04,1.710479,3.876027,0.37349
2023-12-11,1.61538,3.580192,0.408675
2023-12-17,1.499415,3.044086,0.325088
2023-12-24,1.468646,2.624634,0.349789
2024-01-01,1.528739,2.150073,0.440687
2024-01-07,1.360493,2.056273,0.562866
2024-01-14,1.148183,1.673439,0.934904
2024-01-21,0.961185,1.430141,1.119608
2024-01-28,0.976995,1.358715,1.044754
2024-02-04,1.106342,1.210595,0.771026
2024-02-11,1.031856,1.491671,1.019958
2024-02-18,0.902661,1.753544,1.183163
2024-02-25,0.774866,1.900074,0.7076
2024-03-03,0.796813,1.772572,0.215408
2024-03-10,0.564168,1.40734,0.081239
2024-03-17,0.412043,1.252395,0.532878
2024-03-24,0.411599,1.250424,0.612232
2024-03-31,0.408878,1.833251,0.296664
2024-04-07,0.385464,1.997707,0.170003
2024-04-14,0.424569,1.846672,0.520458
2024-04-21,0.338368,1.624621,0.454969
2024-04-28,0.25984,1.315636,0.272843
2024-05-05,0.193895,1.510781,0.321684
2024-05-12,0.215853,1.202921,0.641063
2024-05-19,0.265746,0.860226,0.804865
2024-05-26,0.322208,0.729149,0.648183
2024-06-02,0.16068,0.651827,0.363506
2024-06-09,0.230709,0.45081,0.414423
2024-06-16,0.183973,0.200454,0.431772
2024-06-23,0.152296,0.312468,0.400942
2024-06-30,-0.112479,0.125259,0.295033
2024-07-07,-0.002743,0.265089,0.439673
2024-07-14,0.05886,0.470036,0.403464
2024-07-21,0.048634,0.805124,0.553167
2024-07-28,0.126196,1.053117,0.721297
2024-08-04,0.034671,0.713445,0.753137
2024-08-11,0.109185,0.732005,0.679954
2024-08-18,0.06177,0.662316,0.516918
2024-08-25,-0.00198,0.461379,0.63667
2024-09-01,-0.06611,0.320381,0.564827
2024-09-08,-0.084282,0.376729,0.63214
2024-09-15,-0.0797,0.422196,0.507369
2024-09-22,-0.077153,0.376541,0.308102
2024-09-29,-0.021297,0.278091,0.542943
2024-10-06,-0.020266,0.329846,0.648507
2024-10-13,-0.042524,0.103468,0.591937
2024-10-20,-0.165134,-0.172513,0.505267
2024-10-27,-0.232963,-0.374611,0.294642
2024-11-03,-0.116741,-0.115766,0.099802
2024-11-10,-0.195247,-0.223888,-0.035873
2024-11-17,-0.221778,-0.339615,0.03786
2024-11-24,-0.25245,-0.735717,0.05243
2024-12-01,-0.380805,-1.091479,0.401878
2024-12-08,-0.487826,-1.495643,0.460788
2024-12-15,-0.585589,-1.575166,0.426823
2024-12-22,-0.63,-1.547162,0.379164
2024-12-29,-0.606589,-1.640938,0.612216
2025-01-05,-0.550905,-1.949395,0.671858
2025-01-12,-0.617271,-1.846962,0.895957
2025-01-20,-0.705636,-1.729402,0.674136
2025-01-27,-0.768806,-1.662125,0.570297
2025-02-03,-0.752267,-1.947793,0.722829
2025-02-09,-0.829043,-1.925059,0.630016
2025-02-16,-0.762369,-1.645216,0.296623
2025-02-23,-0.807978,-1.394405,0.351848
2025-03-03,-0.68698,-1.20644,0.123868
